{
"type": "FeatureCollection",
"name": "bellamySuwanneeSolution",
"crs": { "type": "name", "properties": { "name": "urn:ogc:def:crs:OGC:1.3:CRS84" } },
"features": [
{ "type": "Feature", "properties": { "id": 3, "name": "Bellamy_Melrose_OLeno" }, "geometry": { "type": "MultiLineString", "coordinates": [ [ [ -81.611960533616354, 29.931412905049335 ], [ -81.612153005235683, 29.931572453123877 ], [ -81.612404055173968, 29.931811774756074 ], [ -81.61275552508755, 29.932138121508792 ], [ -81.612973101700717, 29.93234118117034 ], [ -81.613249256632827, 29.932602257269181 ], [ -81.613500306571098, 29.932856080597485 ], [ -81.613818303159576, 29.933167919800198 ], [ -81.614086089760406, 29.933436245773795 ], [ -81.614404086348884, 29.93374808315837 ], [ -81.614688609612287, 29.934045415568409 ], [ -81.614922922887999, 29.934313739175757 ], [ -81.615107026176062, 29.934574810099207 ], [ -81.615224182813932, 29.934756108948594 ], [ -81.615324602789229, 29.934922903598267 ], [ -81.615416654433275, 29.935089697968351 ], [ -81.615508706077293, 29.935329011141366 ], [ -81.615684441034105, 29.935822139501049 ], [ -81.61584343932833, 29.93629350991311 ], [ -81.615985700960039, 29.936750374489009 ], [ -81.616169804248088, 29.937308761677251 ], [ -81.616278592554679, 29.937627838663463 ], [ -81.616462695842756, 29.938135459032509 ], [ -81.616638430799554, 29.938628573482337 ], [ -81.616797429093793, 29.939099930598083 ], [ -81.616939690725474, 29.939535027491932 ], [ -81.617107057350992, 29.939970122482819 ], [ -81.617266055645231, 29.940492233959972 ], [ -81.617433422270764, 29.94086931276702 ], [ -81.617609157227548, 29.941202881289467 ], [ -81.617876943828406, 29.941645220431038 ], [ -81.618119625435384, 29.942044049118291 ], [ -81.618261887067078, 29.942283345563084 ], [ -81.618395780367493, 29.942486384519331 ], [ -81.618504568674084, 29.942653166209073 ], [ -81.618621725311939, 29.942790942176618 ], [ -81.618780723606179, 29.94293596930472 ], [ -81.618939721900418, 29.943073744880557 ], [ -81.619123825188495, 29.943233274256272 ], [ -81.619299560145279, 29.943400054693676 ], [ -81.619483663433357, 29.94355958354604 ], [ -81.61966776672142, 29.943682855665795 ], [ -81.620136393272858, 29.94390764560853 ], [ -81.620630124818135, 29.944161440094575 ], [ -81.621115488032146, 29.944364475217139 ], [ -81.621625956239981, 29.94461101730877 ], [ -81.622245212754393, 29.944893814837815 ], [ -81.622755680962214, 29.945154857997096 ], [ -81.623299622495153, 29.945408649300656 ], [ -81.623868669021903, 29.945676942260235 ], [ -81.624446083879945, 29.945966987888887 ], [ -81.625073708725623, 29.946264283780398 ], [ -81.625701333571314, 29.946561578783221 ], [ -81.626395905067213, 29.946895128216319 ], [ -81.627048634906728, 29.947214174453375 ], [ -81.627525629789446, 29.947446207437448 ], [ -81.628010993003443, 29.947670988874506 ], [ -81.628496356217454, 29.947888518813723 ], [ -81.628948246106347, 29.948127801197288 ], [ -81.62940013599524, 29.948330828222755 ], [ -81.629785079233926, 29.948526603890471 ], [ -81.630303915773027, 29.94878038658981 ], [ -81.630939908949998, 29.949113928581109 ], [ -81.631308115526139, 29.949316953593307 ], [ -81.631751637083767, 29.949548981671111 ], [ -81.632245368629029, 29.949853517701627 ], [ -81.632697258517922, 29.950107297014622 ], [ -81.633115675081712, 29.950303069184972 ], [ -81.633492249989132, 29.950498840969889 ], [ -81.63381024657761, 29.9506656092234 ], [ -81.63422029481012, 29.950883132612006 ], [ -81.634596869717541, 29.951086154012039 ], [ -81.634948339631123, 29.951274673512344 ], [ -81.635291441213425, 29.951463192655225 ], [ -81.635642911127022, 29.95164446072479 ], [ -81.635977644378059, 29.951840229868747 ], [ -81.636287272635244, 29.951992494492021 ], [ -81.63663037421756, 29.95213025752167 ], [ -81.636923265812214, 29.952239017673413 ], [ -81.6373082090509, 29.952347777706198 ], [ -81.637592732314289, 29.952413033668766 ], [ -81.637927465565326, 29.952463788276699 ], [ -81.63822035715998, 29.95249279089817 ], [ -81.638647142055063, 29.952492790898166 ], [ -81.639249661906916, 29.952442036305033 ], [ -81.639768498446031, 29.952376780361508 ], [ -81.640354281635339, 29.952318775042418 ], [ -81.64099027481231, 29.952275271030892 ], [ -81.641550953007766, 29.952210014977911 ], [ -81.642287366160062, 29.952137508202153 ], [ -81.64302377931233, 29.952072252058763 ], [ -81.643718350808243, 29.952006995872541 ], [ -81.644295765666257, 29.951963491724609 ], [ -81.644898285518124, 29.951912736861289 ], [ -81.645475700376167, 29.951847480570382 ], [ -81.646028010240386, 29.951782224236648 ], [ -81.646630530092239, 29.951651711440697 ], [ -81.647115893306236, 29.951571953536622 ], [ -81.647366943244506, 29.951542950646552 ], [ -81.647617993182791, 29.951506697022072 ], [ -81.647827201464679, 29.951470443384359 ], [ -81.648061514740405, 29.951397936069299 ], [ -81.648412984654001, 29.951252921280552 ], [ -81.648982031180751, 29.950970141834201 ], [ -81.64954270937622, 29.950680110797446 ], [ -81.649994599265128, 29.950440834555287 ], [ -81.650346069178724, 29.950172554447562 ], [ -81.650546909129332, 29.94994777866491 ], [ -81.650630592442099, 29.949752005795077 ], [ -81.65073101241741, 29.949563483407999 ], [ -81.650881642380369, 29.94941846594396 ], [ -81.651082482330992, 29.949222692032048 ], [ -81.651450688907133, 29.948823892130374 ], [ -81.651802158820715, 29.948432341580048 ], [ -81.652228943715784, 29.948004534586747 ], [ -81.652638991948294, 29.947620231820217 ], [ -81.653023935186994, 29.947250429642818 ], [ -81.653459088413342, 29.946837119699609 ], [ -81.65390260997097, 29.94640205474586 ], [ -81.654270816547111, 29.946032248038762 ], [ -81.654647391454503, 29.945655188803993 ], [ -81.655099281343396, 29.945205616309622 ], [ -81.655492592913362, 29.944821302727533 ], [ -81.655869167820782, 29.944473243862308 ], [ -81.656229006065658, 29.944117932514381 ], [ -81.656588844310505, 29.943777122477822 ], [ -81.656940314224087, 29.943450813901727 ], [ -81.657417309106819, 29.942986728749599 ], [ -81.657793884014211, 29.942602406593966 ], [ -81.658153722259087, 29.942254339964066 ], [ -81.658630717141818, 29.941790249229598 ], [ -81.658965450392841, 29.941463934135484 ], [ -81.659350393631541, 29.941086857582444 ], [ -81.659752073532758, 29.94071703111317 ], [ -81.660145385102737, 29.940325448647084 ], [ -81.660580538329086, 29.939904858355504 ], [ -81.661024059886699, 29.939469763079163 ], [ -81.661459213113048, 29.939041917535118 ], [ -81.662061732964901, 29.93844728168931 ], [ -81.662446676203601, 29.938062941995508 ], [ -81.662848356104817, 29.937758369862884 ], [ -81.663367192643932, 29.937410286283864 ], [ -81.663969712495799, 29.937047697927373 ], [ -81.664463444041061, 29.936670604634866 ], [ -81.664940438923807, 29.936322517250133 ], [ -81.66541743380651, 29.936017939789519 ], [ -81.666036690320936, 29.9356553463588 ], [ -81.666706156823011, 29.935336263046715 ], [ -81.667300308343584, 29.935046186420497 ], [ -81.667994879839483, 29.934712597254865 ], [ -81.668589031360085, 29.934422518810432 ], [ -81.669250129530866, 29.93408892755388 ], [ -81.669752229407408, 29.93384235938457 ], [ -81.670396590915644, 29.93350151414446 ], [ -81.670932164117303, 29.933225936288231 ], [ -81.671509578975332, 29.932914097267332 ], [ -81.672020047183167, 29.932565996740855 ], [ -81.6725221276795, 29.932279439909152 ], [ -81.673000549153599, 29.9320270697486 ], [ -81.673415925629243, 29.931833828050571 ], [ -81.67392930770869, 29.931644088119921 ], [ -81.674498216376847, 29.931396141547086 ], [ -81.675080642519205, 29.931107715894083 ], [ -81.675560050784597, 29.930865496340537 ], [ -81.676035684181727, 29.930610326280778 ], [ -81.676571715470573, 29.930342069871454 ], [ -81.677047348867717, 29.93011306992554 ], [ -81.677439935163761, 29.929923326714029 ], [ -81.677764573831652, 29.929759754689595 ], [ -81.678028814607828, 29.929635439771229 ], [ -81.678217558019412, 29.929550382106029 ], [ -81.678383652221584, 29.929484953083332 ], [ -81.678534646950823, 29.929432609834201 ], [ -81.678730940098845, 29.929380266557548 ], [ -81.678949882456266, 29.929327923253364 ], [ -81.679146175604288, 29.929282122839613 ], [ -81.679251871914758, 29.929262494084409 ], [ -81.679334919015844, 29.929229779483801 ], [ -81.679470814272179, 29.929151264398477 ], [ -81.679576510582663, 29.929066206319469 ], [ -81.679727505311902, 29.928915718770849 ], [ -81.679886049777622, 29.928797945747981 ], [ -81.680157840290278, 29.928588571140981 ], [ -81.680497578431087, 29.928405367998547 ], [ -81.680739169997892, 29.928261422435767 ], [ -81.680935463145914, 29.928143648638638 ], [ -81.681078908138701, 29.928058589698491 ], [ -81.681214803395022, 29.927973530685634 ], [ -81.681365798124261, 29.927862299559152 ], [ -81.681516792853529, 29.927737982270681 ], [ -81.681682887055715, 29.927600578771173 ], [ -81.681826332048487, 29.927482804192056 ], [ -81.682067923615293, 29.927325771203115 ], [ -81.682249117290397, 29.927162194909513 ], [ -81.682596405167672, 29.926900472280561 ], [ -81.682860645943848, 29.926678007504851 ], [ -81.683147535929422, 29.926462085335267 ], [ -81.683457075124394, 29.926167645258246 ], [ -81.683819462474602, 29.92574888453732 ], [ -81.684227148243579, 29.925389010635211 ], [ -81.684846226633496, 29.924937530627073 ], [ -81.685442655814043, 29.924531851191901 ], [ -81.68597005542, 29.924138691625849 ], [ -81.686472155296542, 29.923776054911439 ], [ -81.686965886841818, 29.923435175195344 ], [ -81.687317356755415, 29.923203086210069 ], [ -81.687894771613443, 29.922847698902714 ], [ -81.688463818140193, 29.922506816007626 ], [ -81.689091442985884, 29.922107909009902 ], [ -81.689543332874791, 29.921796035152862 ], [ -81.689970117769846, 29.92156394234609 ], [ -81.690505690971492, 29.921259319716061 ], [ -81.691083105829506, 29.920940190246764 ], [ -81.691459680736926, 29.920780625128515 ], [ -81.691685625681387, 29.920693589501663 ], [ -81.69188646563201, 29.920563035918725 ], [ -81.692011990601159, 29.920446988145724 ], [ -81.692162620564105, 29.920229398206768 ], [ -81.692321618858344, 29.919990048724642 ], [ -81.692472248821318, 29.919772457787023 ], [ -81.692606142121733, 29.919627396897745 ], [ -81.692714930428309, 29.919504094975697 ], [ -81.69293250704149, 29.919337274485148 ], [ -81.693191925311041, 29.919105175946363 ], [ -81.693484816905695, 29.91886582376155 ], [ -81.693786076831614, 29.918597458506468 ], [ -81.694012021776061, 29.918430636496836 ], [ -81.694237966720522, 29.918213042151176 ], [ -81.694530858315161, 29.9179736878217 ], [ -81.694940906547686, 29.91763278823792 ], [ -81.695317481455135, 29.917299140706596 ], [ -81.695802844669132, 29.916907466091089 ], [ -81.696171051245273, 29.916566562856865 ], [ -81.696681519453094, 29.916116858932813 ], [ -81.697200355992194, 29.915688912990124 ], [ -81.697585299230866, 29.915355258945294 ], [ -81.697761034187678, 29.915195684876476 ], [ -81.697878190825534, 29.915079630847636 ], [ -81.698321712383162, 29.914695200911037 ], [ -81.698857285584836, 29.914252741977197 ], [ -81.699141808848196, 29.914006124669019 ], [ -81.699459805436689, 29.913723239357569 ], [ -81.699802907018992, 29.913425846240621 ], [ -81.700179481926412, 29.913106691663753 ], [ -81.70053095183998, 29.912794789611784 ], [ -81.700874053422282, 29.912490140152855 ], [ -81.701242259998423, 29.912170982577297 ], [ -81.70159372991202, 29.911880838439224 ], [ -81.701769464868804, 29.911714005177089 ], [ -81.702187881432621, 29.911373084163653 ], [ -81.702480773027261, 29.911177235394131 ], [ -81.702639771321486, 29.911075684028674 ], [ -81.703175344523146, 29.910843566233108 ], [ -81.703694181062261, 29.910625955308458 ], [ -81.703920126006707, 29.910509895954238 ], [ -81.70411259762605, 29.910393836464774 ], [ -81.704346910901762, 29.910234254445932 ], [ -81.704606329171312, 29.910023895939524 ], [ -81.70479043245939, 29.909864313327954 ], [ -81.705434793967626, 29.909443594308208 ], [ -81.705895052187813, 29.909138934598321 ], [ -81.706422257058179, 29.908790750931665 ], [ -81.706924356934735, 29.908464327638775 ], [ -81.70745993013638, 29.908123395501885 ], [ -81.70799550333804, 29.907767954372005 ], [ -81.708572918196055, 29.907405258034085 ], [ -81.70907501807261, 29.907078830200813 ], [ -81.709552012955328, 29.906759655285068 ], [ -81.710037376169325, 29.906447733356618 ], [ -81.710489266058232, 29.90615757254627 ], [ -81.710865840965639, 29.905881918993604 ], [ -81.711091785910099, 29.905700567556121 ], [ -81.711267520866869, 29.905497453554187 ], [ -81.711401414167284, 29.905352371870684 ], [ -81.711501834142609, 29.905171019469179 ], [ -81.711694305761952, 29.904873600816007 ], [ -81.711911882375134, 29.904402081619299 ], [ -81.712112722325756, 29.90394506857578 ], [ -81.712263352288716, 29.903618629403983 ], [ -81.712405613920396, 29.903350223061427 ], [ -81.712572980545929, 29.903147104267472 ], [ -81.712924450459511, 29.90283517102759 ], [ -81.713217342054165, 29.902603034029191 ], [ -81.713552075305202, 29.902370896489899 ], [ -81.713987228531536, 29.90211699543698 ], [ -81.714414013426619, 29.901892111106925 ], [ -81.714614853377228, 29.901790550275351 ], [ -81.714790588334026, 29.901732515467977 ], [ -81.715100216591225, 29.901681734983779 ], [ -81.715593948136501, 29.901565665208459 ], [ -81.716305256294945, 29.901420577799151 ], [ -81.716765514515117, 29.901326270869788 ], [ -81.717359666035705, 29.901202946289033 ], [ -81.71787013424354, 29.90103609514269 ], [ -81.718271814144771, 29.900847480466894 ], [ -81.718472654095393, 29.900753172995099 ], [ -81.718589810733263, 29.900687883154635 ], [ -81.718698599039854, 29.900586321095567 ], [ -81.718891070659197, 29.900448486706942 ], [ -81.719125383934909, 29.900296143213474 ], [ -81.719292750560427, 29.900209089684051 ], [ -81.719418275529577, 29.900143799487083 ], [ -81.719627483811465, 29.89994792863946 ], [ -81.719886902081015, 29.899643239888945 ], [ -81.720154688681845, 29.899338550206743 ], [ -81.720472685270323, 29.898997586838668 ], [ -81.720790681858816, 29.898700149756262 ], [ -81.721175625097501, 29.898301147397714 ], [ -81.721610778323836, 29.897902143441492 ], [ -81.722079404875274, 29.897553920501387 ], [ -81.722556399758005, 29.897241969750883 ], [ -81.722983184653074, 29.896937272726262 ], [ -81.723518757854734, 29.89659630114172 ], [ -81.724096172712763, 29.896204545114994 ], [ -81.724799112539912, 29.895711220520283 ], [ -81.72540163239178, 29.895312206194042 ], [ -81.726020888906191, 29.894905935420454 ], [ -81.726204992194255, 29.894768093174569 ], [ -81.726322148832111, 29.894564956885752 ], [ -81.726405832144863, 29.894412604397424 ], [ -81.726573198770382, 29.894347310402562 ], [ -81.726774038721004, 29.894296526154758 ], [ -81.726999983665465, 29.894202212483041 ], [ -81.72724266527247, 29.894064369263827 ], [ -81.727476978548182, 29.893846721687446 ], [ -81.727828448461779, 29.893556524179584 ], [ -81.728213391700464, 29.89324456091623 ], [ -81.728497914963825, 29.892976126628959 ], [ -81.728757333233375, 29.892729456646492 ], [ -81.728891226533833, 29.892598866408608 ], [ -81.729234328116135, 29.892366705563255 ], [ -81.729560693035907, 29.892112779019456 ], [ -81.729937267943313, 29.891822576462985 ], [ -81.730405894494766, 29.891438056774188 ], [ -81.730815942727261, 29.891082556119599 ], [ -81.731175780972123, 29.890763329961555 ], [ -81.731393357585304, 29.890647247468788 ], [ -81.731552355879529, 29.890581951007196 ], [ -81.731728090836341, 29.890538420009047 ], [ -81.73190382579314, 29.890494888991871 ], [ -81.732372452344578, 29.890465868303206 ], [ -81.733041918846638, 29.890444102781156 ], [ -81.733661175361036, 29.890400571722804 ], [ -81.733970803618263, 29.89037880618649 ], [ -81.734163275237606, 29.89037880618649 ], [ -81.734347378525683, 29.890400571722804 ], [ -81.734539850145012, 29.890436847606082 ], [ -81.734682111776706, 29.890422337254353 ], [ -81.734899688389874, 29.890393316544557 ], [ -81.735267894966015, 29.890328019916616 ], [ -81.735862046486588, 29.890211936916913 ], [ -81.736414356350792, 29.890110364181258 ], [ -81.737092191184146, 29.890016046548336 ], [ -81.737878814324077, 29.889885452755433 ], [ -81.738447860850826, 29.889747603566192 ], [ -81.739067117365238, 29.889529946563478 ], [ -81.739585953904353, 29.889239736487241 ], [ -81.74021357875003, 29.888905993855058 ], [ -81.740774256945528, 29.888557739482366 ], [ -81.741334935141012, 29.888289292573042 ], [ -81.741903981667747, 29.887999078884931 ], [ -81.742447923200672, 29.887730630471207 ], [ -81.742958391408507, 29.8874549259425 ], [ -81.743510701272712, 29.887179220651294 ], [ -81.743962591161605, 29.886925280892729 ], [ -81.744464691038161, 29.886642318685521 ], [ -81.744883107601936, 29.886388377559349 ], [ -81.745167630865339, 29.886192479677202 ], [ -81.745368470815947, 29.886040114391633 ], [ -81.745602784091673, 29.885764405187729 ], [ -81.745853834029944, 29.885488695221362 ], [ -81.746196935612261, 29.885118662226059 ], [ -81.746431248887987, 29.884850206056136 ], [ -81.746707403820082, 29.88452370433475 ], [ -81.746991927083457, 29.884052088849568 ], [ -81.74729318700939, 29.883529681400333 ], [ -81.747544236947675, 29.883014526929742 ], [ -81.747778550223387, 29.882564671553158 ], [ -81.747920811855096, 29.882361510395246 ], [ -81.748021231830393, 29.882201883480775 ], [ -81.748205335118456, 29.882056767882236 ], [ -81.748481490050551, 29.881860861489201 ], [ -81.74888316995181, 29.881527094155334 ], [ -81.749192798209023, 29.881287651684119 ], [ -81.749343428171983, 29.881135278903084 ], [ -81.749920843030011, 29.880714438583965 ], [ -81.750573572869541, 29.8803661555974 ], [ -81.751786980904527, 29.87980019314984 ], [ -81.752740970669976, 29.87935757925386 ], [ -81.753385332178212, 29.879067339567079 ], [ -81.754138481993039, 29.87886417128372 ], [ -81.754523425231724, 29.87874807493596 ], [ -81.755092471758488, 29.87858118619928 ], [ -81.755728464935459, 29.878261920011795 ], [ -81.756188723155617, 29.87793539671738 ], [ -81.756623876381965, 29.87762338457053 ], [ -81.75702555628321, 29.877325883707456 ], [ -81.757485814503369, 29.876977588886447 ], [ -81.757812179423127, 29.876593011941921 ], [ -81.758038124367587, 29.87633178902065 ], [ -81.75823059598693, 29.876027028081118 ], [ -81.758456540931377, 29.875627934966367 ], [ -81.758607170894336, 29.875402990870697 ], [ -81.758724327532192, 29.875163533695265 ], [ -81.758866589163929, 29.874974870061227 ], [ -81.75897537747052, 29.874822487634752 ], [ -81.759134375764745, 29.874728155539795 ], [ -81.759310110721543, 29.874583029065651 ], [ -81.759477477347048, 29.87441613335934 ], [ -81.759644843972566, 29.874198442887941 ], [ -81.759870788917013, 29.873871906290024 ], [ -81.760029787211266, 29.873639701836698 ], [ -81.760138575517857, 29.873501830186768 ], [ -81.760205522168064, 29.873385727596919 ], [ -81.760247363824419, 29.873197060600184 ], [ -81.760314310474641, 29.873001136802795 ], [ -81.760490045431425, 29.872609288053528 ], [ -81.760724358707151, 29.87210133368016 ], [ -81.76100888197054, 29.871542580881947 ], [ -81.761075828620747, 29.87140470633344 ], [ -81.761142775270955, 29.871252318452861 ], [ -81.761218090252427, 29.871092673756856 ], [ -81.761301773565194, 29.870954798586524 ], [ -81.761393825209211, 29.870795153414381 ], [ -81.761519350178347, 29.87061373813593 ], [ -81.761695085135159, 29.870454092417983 ], [ -81.761837346766839, 29.870316216365065 ], [ -81.762046555048727, 29.870192853419365 ], [ -81.762247394999363, 29.870098516946179 ], [ -81.762448234949971, 29.869989667058586 ], [ -81.762607233244211, 29.869837277016419 ], [ -81.762674179894432, 29.869684886741478 ], [ -81.762799704863568, 29.86938736220046 ], [ -81.762925229832717, 29.86909709350045 ], [ -81.763201384764812, 29.868661688866901 ], [ -81.763477539696936, 29.868248052704978 ], [ -81.763837377941783, 29.867682021493806 ], [ -81.764239057843028, 29.867094216452511 ], [ -81.764632369412993, 29.866484637196329 ], [ -81.764875051019985, 29.866100019797031 ], [ -81.765184679277183, 29.865613803227067 ], [ -81.765586359178428, 29.865033243025124 ], [ -81.765954565754569, 29.864503478893344 ], [ -81.766306035668151, 29.864024511640896 ], [ -81.766573822268981, 29.863690684620511 ], [ -81.766992238832771, 29.86326251354653 ], [ -81.767352077077632, 29.862834340635331 ], [ -81.767762125310142, 29.862391651456502 ], [ -81.7680884902299, 29.862036047251181 ], [ -81.76849017013113, 29.86163689816436 ], [ -81.768925323357493, 29.861172431762718 ], [ -81.769310266596179, 29.860787793887535 ], [ -81.769628263184657, 29.860453956039461 ], [ -81.769937891441884, 29.860127374455345 ], [ -81.770188941380141, 29.859873365817744 ], [ -81.77034793967438, 29.859684673268458 ], [ -81.770540411293737, 29.85945243579496 ], [ -81.7706491996003, 29.859285514777103 ], [ -81.770799829563288, 29.859009731614208 ], [ -81.771101089489193, 29.858567025469757 ], [ -81.771444191071524, 29.858088029724698 ], [ -81.771745450997443, 29.857630804369101 ], [ -81.771904449291696, 29.85742759242763 ], [ -81.772180604223792, 29.857173576918992 ], [ -81.772440022493342, 29.856955848825638 ], [ -81.772875175719676, 29.856614740524485 ], [ -81.77329359228348, 29.856251858073353 ], [ -81.773720377178535, 29.855896231991306 ], [ -81.773879375472774, 29.855765593520502 ], [ -81.774038373767013, 29.85561318175515 ], [ -81.774247582048929, 29.855417223429185 ], [ -81.774573946968673, 29.855047078874986 ], [ -81.775101151839053, 29.854488230575047 ], [ -81.775268518464571, 29.854321301255244 ], [ -81.775452621752635, 29.854190660723287 ], [ -81.775661830034537, 29.854118082576104 ], [ -81.775904511641528, 29.85400921525639 ], [ -81.776281086548948, 29.853856800809325 ], [ -81.776523768155954, 29.853776964577513 ], [ -81.776758081431666, 29.85368987043362 ], [ -81.777017499701216, 29.853573744790253 ], [ -81.777486126252668, 29.853356008844816 ], [ -81.777737176190939, 29.853247140694013 ], [ -81.777921279479017, 29.853189077631701 ], [ -81.778122119429625, 29.853123756646237 ], [ -81.77837316936791, 29.853065693512164 ], [ -81.778875269244466, 29.852942309240127 ], [ -81.779536367415261, 29.852789893164132 ], [ -81.780180728923497, 29.852666508551238 ], [ -81.780707933793877, 29.852550381717432 ], [ -81.781377400295938, 29.85239796504306 ], [ -81.781996656810364, 29.852260064041936 ], [ -81.782749806625176, 29.852114904887589 ], [ -81.783402536464692, 29.851955229574042 ], [ -81.783620113077859, 29.85190442373889 ], [ -81.783795848034657, 29.851882649801635 ], [ -81.784097107960605, 29.851853617877897 ], [ -81.784607576168426, 29.851802811991039 ], [ -81.785469514289844, 29.851737490098522 ], [ -81.786164085785714, 29.851679426158181 ], [ -81.787034392238425, 29.851635878180765 ], [ -81.787210127195195, 29.851635878180765 ], [ -81.787394230483272, 29.851599588185067 ], [ -81.787561597108805, 29.851556040172838 ], [ -81.787703858740471, 29.851461686081141 ], [ -81.788113906972995, 29.851214913419742 ], [ -81.788582533524433, 29.850939107958709 ], [ -81.789176685045021, 29.850568946800355 ], [ -81.789653679927767, 29.850256849071069 ], [ -81.79013904314175, 29.849952008486667 ], [ -81.790339883092372, 29.849843136623814 ], [ -81.790507249717891, 29.849777813449119 ], [ -81.790649511349585, 29.849741522778046 ], [ -81.791109769569729, 29.849639908828866 ], [ -81.791862919384556, 29.849494745864916 ], [ -81.792649542524487, 29.849327808195468 ], [ -81.793327377357812, 29.849197161129016 ], [ -81.79429810378582, 29.848993932019212 ], [ -81.795160041907238, 29.848819735310133 ], [ -81.796139136666497, 29.848631021865678 ], [ -81.796917391475162, 29.848478599207859 ], [ -81.797486438001926, 29.848362467502856 ], [ -81.798072221191234, 29.848239077418299 ], [ -81.798624531055438, 29.848122945434724 ], [ -81.799327470882616, 29.84798503852879 ], [ -81.799996937384691, 29.847825356610279 ], [ -81.800808665518446, 29.847622124708302 ], [ -81.801034610462878, 29.847549541785924 ], [ -81.80121034541969, 29.847484217110676 ], [ -81.80136097538265, 29.847389859170971 ], [ -81.801712445296232, 29.847179368061095 ], [ -81.80229822848554, 29.846801934614998 ], [ -81.802909116668687, 29.846417241365355 ], [ -81.80350326818926, 29.846068838652812 ], [ -81.804130893034966, 29.845691401009152 ], [ -81.804641361242787, 29.845364771127596 ], [ -81.805043041144032, 29.845059915607578 ], [ -81.805494931032925, 29.844675215646969 ], [ -81.805913347596714, 29.844268738606729 ], [ -81.806348500823063, 29.843898552719885 ], [ -81.806750180724308, 29.84351384828544 ], [ -81.807151860625538, 29.843187211281595 ], [ -81.807503330539106, 29.842838797299972 ], [ -81.807821327127584, 29.842519416749038 ], [ -81.808105850390973, 29.842156483065043 ], [ -81.80835690032923, 29.841779030634612 ], [ -81.808515898623497, 29.841358024317799 ], [ -81.808582845273691, 29.840980568869806 ], [ -81.808658160255177, 29.840675699966607 ], [ -81.80873347523665, 29.840269206648109 ], [ -81.808783685224313, 29.840058700529415 ], [ -81.808850631874563, 29.83986271167527 ], [ -81.808984525174964, 29.839586874858682 ], [ -81.809227206781955, 29.839165859301584 ], [ -81.809436415063857, 29.838846467005542 ], [ -81.809662360008303, 29.838447225199324 ], [ -81.809804621639984, 29.83828752803004 ], [ -81.809997093259327, 29.83816412549708 ], [ -81.810264879860156, 29.838011686863535 ], [ -81.81069166475524, 29.837786657979329 ], [ -81.811168659637957, 29.837510815429713 ], [ -81.811595444533026, 29.83720593593603 ], [ -81.811963651109153, 29.836893796442791 ], [ -81.812248174372542, 29.83663246960532 ], [ -81.812599644286124, 29.83634210565079 ], [ -81.81294274586844, 29.83605899998253 ], [ -81.813277479119478, 29.835768634361138 ], [ -81.813603844039235, 29.83546374955035 ], [ -81.813997155609201, 29.835108049428417 ], [ -81.814382098847901, 29.834795903380101 ], [ -81.814741937092748, 29.834483756356498 ], [ -81.815076670343771, 29.834207904686643 ], [ -81.815361193607174, 29.834011904353112 ], [ -81.815469981913722, 29.833924792970336 ], [ -81.815687558526903, 29.83370701418109 ], [ -81.815905135140085, 29.833511012864896 ], [ -81.816248236722387, 29.833104490390671 ], [ -81.816557864979586, 29.832719744382594 ], [ -81.81685075657424, 29.832371293889182 ], [ -81.817101806512511, 29.832080917549696 ], [ -81.817419803100989, 29.831754243159043 ], [ -81.817662484707995, 29.83154371909691 ], [ -81.81806416460924, 29.831202523985223 ], [ -81.818424002854087, 29.830868587215821 ], [ -81.818817314424095, 29.83052013026656 ], [ -81.819059996031086, 29.830302344056186 ], [ -81.81924409931915, 29.830106336060989 ], [ -81.81938636095083, 29.829917587257778 ], [ -81.819629042557835, 29.829634463384469 ], [ -81.819905197489945, 29.829300521374588 ], [ -81.820156247428216, 29.828973837893727 ], [ -81.820315245722483, 29.828756048313146 ], [ -81.82056629566074, 29.828429363052287 ], [ -81.820733662286258, 29.828066378176533 ], [ -81.821143710518768, 29.827492859385458 ], [ -81.821369655463229, 29.827144390664394 ], [ -81.821444970444702, 29.826948376474817 ], [ -81.821729493708077, 29.826527307656445 ], [ -81.821846650345947, 29.826360331599286 ], [ -81.822014016971465, 29.826236914334242 ], [ -81.82226506690975, 29.826069937791889 ], [ -81.822608168492053, 29.82583036226556 ], [ -81.822842481767765, 29.825685164697372 ], [ -81.8229680067369, 29.825641605385776 ], [ -81.823210688343906, 29.825605305944944 ], [ -81.823645841570254, 29.825518187233154 ], [ -81.824181414771914, 29.825460108049786 ], [ -81.824892722930358, 29.825372989211427 ], [ -81.825528716107328, 29.825293130209559 ], [ -81.825829976033248, 29.825256830642154 ], [ -81.826114499296622, 29.825198751306889 ], [ -81.826323707578538, 29.825147931860855 ], [ -81.826742124142314, 29.824966433628322 ], [ -81.82738648565055, 29.824683295727436 ], [ -81.827821638876912, 29.824458236823755 ], [ -81.828014110496255, 29.824313037262115 ], [ -81.8284157903975, 29.824037157513839 ], [ -81.828717050323405, 29.823768537027227 ], [ -81.829219150199947, 29.823376495021339 ], [ -81.829595725107367, 29.823042532099713 ], [ -81.830039246664995, 29.822686787760144 ], [ -81.830424189903695, 29.822381863032764 ], [ -81.830850974798736, 29.822047896787822 ], [ -81.831286128025098, 29.821677628559719 ], [ -81.831754754576536, 29.821292838555618 ], [ -81.8323238011033, 29.820828184500886 ], [ -81.832859374304945, 29.820305446107543 ], [ -81.83329452753128, 29.81988434930269 ], [ -81.833721312426363, 29.819448730051679 ], [ -81.834164833983976, 29.819005848533795 ], [ -81.834675302191812, 29.818475840203849 ], [ -81.835060245430483, 29.818083777439345 ], [ -81.835487030325567, 29.817648150342112 ], [ -81.835871973564252, 29.817219781845445 ], [ -81.836081181846126, 29.816972924590008 ], [ -81.836541440066298, 29.81653003210393 ], [ -81.836733911685656, 29.816341257661048 ], [ -81.836926383304984, 29.816203306881228 ], [ -81.837261116556022, 29.815970968295492 ], [ -81.837713006444929, 29.815658762470672 ], [ -81.838198369658912, 29.815353816305272 ], [ -81.838608417891436, 29.815077911830368 ], [ -81.838934782811208, 29.814881873977633 ], [ -81.839302989387335, 29.814627750263135 ], [ -81.839771615938773, 29.814337322369955 ], [ -81.840256979152741, 29.814010589981763 ], [ -81.840859499004608, 29.813640291984434 ], [ -81.841495492181565, 29.81323368868226 ], [ -81.841947382070458, 29.812943256739832 ], [ -81.842357430302997, 29.812689128098199 ], [ -81.842767478535507, 29.812434998810726 ], [ -81.8432193684244, 29.812151825415288 ], [ -81.843679626644573, 29.811861390330552 ], [ -81.844223568177497, 29.811498345288374 ], [ -81.844725668054082, 29.811157081746927 ], [ -81.845370029562304, 29.810714163499028 ], [ -81.845972549414185, 29.810300287297647 ], [ -81.846399334309226, 29.810024368878437 ], [ -81.846876329191957, 29.80970488344197 ], [ -81.847336587412144, 29.809407180184795 ], [ -81.847562532356577, 29.809291003063535 ], [ -81.847763372307199, 29.809174825807315 ], [ -81.847955843926542, 29.809073170597415 ], [ -81.848265472183755, 29.808956993088145 ], [ -81.848851255373063, 29.808753682122166 ], [ -81.849453775224916, 29.808557631870681 ], [ -81.850114873395725, 29.808332536663546 ], [ -81.850600236609722, 29.808209097141322 ], [ -81.851043758167336, 29.808020306989096 ], [ -81.851554226375171, 29.807809732937329 ], [ -81.852006116264079, 29.807613680835424 ], [ -81.85239105950275, 29.807490240425942 ], [ -81.852951737698234, 29.807243359149926 ], [ -81.853411995918407, 29.806989216023336 ], [ -81.853805307488372, 29.806676982155174 ], [ -81.854156777401968, 29.806364747312269 ], [ -81.854667245609789, 29.805979898374094 ], [ -81.855110767167389, 29.805595047955133 ], [ -81.855554288725045, 29.805304593828225 ], [ -81.856031283607763, 29.804977831927271 ], [ -81.856516646821746, 29.804672853189935 ], [ -81.856993641704491, 29.804396919245377 ], [ -81.857554319899947, 29.804077415832275 ], [ -81.857997841457589, 29.803816003189748 ], [ -81.858315838046067, 29.803627204745275 ], [ -81.858725886278577, 29.803402098441904 ], [ -81.859094092854718, 29.803191514667237 ], [ -81.859462299430845, 29.803002715044087 ], [ -81.859872347663384, 29.802763084240013 ], [ -81.860022977626329, 29.802661422513342 ], [ -81.86013176593292, 29.802552499120115 ], [ -81.860198712583141, 29.802472621889702 ], [ -81.860600392484372, 29.80200061877164 ], [ -81.861052282373265, 29.801405165507287 ], [ -81.861479067268334, 29.800853278829209 ], [ -81.861847273844475, 29.800344959458499 ], [ -81.861956062151066, 29.800221510078682 ], [ -81.862106692114011, 29.800156154462986 ], [ -81.86224895374572, 29.800141630987039 ], [ -81.862441425365063, 29.800163416200178 ], [ -81.8627761586161, 29.800221510078682 ], [ -81.863253153498817, 29.800330436009961 ], [ -81.863847305019405, 29.800461146970946 ], [ -81.864625559828056, 29.800555549225436 ], [ -81.865395446305413, 29.800635427986592 ], [ -81.865788757875379, 29.800664474793013 ], [ -81.86644148771488, 29.800751615161687 ], [ -81.867136059210793, 29.800780661934379 ], [ -81.867897577356885, 29.800816970388382 ], [ -81.868726042153199, 29.800846017142099 ], [ -81.869462455305467, 29.800867802201847 ], [ -81.870207236789028, 29.800875063887379 ], [ -81.870357866751988, 29.800867802201847 ], [ -81.870809756640881, 29.800816970388382 ], [ -81.871713536418682, 29.800729830076641 ], [ -81.872500159558598, 29.800642689688992 ], [ -81.8732282043796, 29.800570072641303 ], [ -81.873872565887851, 29.800497455540913 ], [ -81.874500190733542, 29.800432100105485 ], [ -81.875420707173873, 29.800323174284895 ], [ -81.876056700350844, 29.800243295274431 ], [ -81.876818218496965, 29.800156154463 ], [ -81.877487684999025, 29.800069013575655 ], [ -81.878123678175982, 29.79999639611156 ], [ -81.87896887963484, 29.799887469816586 ], [ -81.879830817756272, 29.799800328695213 ], [ -81.880575599239819, 29.799698663957688 ], [ -81.881278539066983, 29.799604260894618 ], [ -81.881914532243954, 29.799517119526563 ], [ -81.882466842108144, 29.799451763450715 ], [ -81.883144676941512, 29.799335574766015 ], [ -81.88373046013082, 29.799248433163928 ], [ -81.884207455013538, 29.799168553295356 ], [ -81.884977341490909, 29.799066887915824 ], [ -81.885596598005321, 29.798979746079727 ], [ -81.886475272789298, 29.798834509517544 ], [ -81.887295369254318, 29.798703796431319 ], [ -81.888073624062969, 29.798602130579528 ], [ -81.888776563890147, 29.798522250194928 ], [ -81.889278663766703, 29.798456893469176 ], [ -81.889722185324302, 29.798406060430747 ], [ -81.890190811875769, 29.798377012968622 ], [ -81.890600860108279, 29.798246299284688 ], [ -81.89111969664738, 29.798042966548021 ], [ -81.891747321493071, 29.797788800046078 ], [ -81.892249421369627, 29.797563680605165 ], [ -81.892768257908727, 29.79736760842135 ], [ -81.893220147797621, 29.797171535853302 ], [ -81.893613459367586, 29.797011772735992 ], [ -81.894082085919024, 29.796808437490469 ], [ -81.894508870814093, 29.79663414980827 ], [ -81.894918919046617, 29.796459861822481 ], [ -81.89537917726679, 29.796263787475592 ], [ -81.895898013805891, 29.7960386646035 ], [ -81.896400113682432, 29.795813541224888 ], [ -81.897069580184521, 29.795494010398528 ], [ -81.897722310024022, 29.795239837421651 ], [ -81.898266251556947, 29.794992925911593 ], [ -81.898927349727742, 29.794695178868544 ], [ -81.899588447898552, 29.794390168783867 ], [ -81.900107284437652, 29.794165041696452 ], [ -81.900475491013779, 29.794034322510047 ], [ -81.901329060803917, 29.793830981214008 ], [ -81.902082210618744, 29.793656688345678 ], [ -81.902701467133156, 29.793511444056843 ], [ -81.903337460310127, 29.79338072401665 ], [ -81.903864665180492, 29.793242741566747 ], [ -81.904358396725769, 29.793133807919279 ], [ -81.904793549952117, 29.793075709925471 ], [ -81.905211966515907, 29.793075709925471 ], [ -81.9056638564048, 29.793141070166133 ], [ -81.906065536306045, 29.793213692605683 ], [ -81.906609477838956, 29.793315363932514 ], [ -81.907036262734039, 29.79338072401665 ], [ -81.907463047629093, 29.79343155960812 ], [ -81.90795677917437, 29.793518706276291 ], [ -81.908350090744335, 29.793576804012911 ], [ -81.908701560657917, 29.793605852868566 ], [ -81.90913671388428, 29.793591328441792 ], [ -81.909463078804023, 29.793533230713606 ], [ -81.909797812055061, 29.793460608505942 ], [ -81.910115808643553, 29.793373461787183 ], [ -81.910450541894576, 29.793264528282013 ], [ -81.91089406345219, 29.793075709925471 ], [ -81.911387794997481, 29.792785219450511 ], [ -81.911906631536581, 29.792538301883798 ], [ -81.912375258088019, 29.792276859090315 ], [ -81.912852252970751, 29.792022677941823 ], [ -81.913329247853483, 29.791753971454291 ], [ -81.913680717767065, 29.791565150247656 ], [ -81.913889926048952, 29.791405378179153 ], [ -81.914032187680661, 29.791281917769709 ], [ -81.914174449312355, 29.791129407641886 ], [ -81.914325079275301, 29.790947847662881 ], [ -81.914525919225923, 29.790700925562842 ], [ -81.914676549188883, 29.79049757749361 ], [ -81.914810442489298, 29.790352328619779 ], [ -81.915136807409056, 29.790054567769424 ], [ -81.9154045940099, 29.789822168441418 ], [ -81.915781168917306, 29.789466305924602 ], [ -81.916107533837049, 29.789233905230649 ], [ -81.916459003750646, 29.788928878500908 ], [ -81.916852315320611, 29.788660163706918 ], [ -81.917304205209504, 29.78841323596286 ], [ -81.917714253442028, 29.788159045001773 ], [ -81.918149406668363, 29.787897590768342 ], [ -81.918459034925576, 29.787716024926642 ], [ -81.918735189857671, 29.787527196101898 ], [ -81.919036449783604, 29.787287528234405 ], [ -81.919346078040817, 29.787018809033903 ], [ -81.919664074629296, 29.786721038266421 ], [ -81.919965334555229, 29.786416003878813 ], [ -81.920208016162206, 29.786176333350728 ], [ -81.920350277793915, 29.785951187786456 ], [ -81.920601327732172, 29.785588048712519 ], [ -81.920860746001736, 29.785130491603702 ], [ -81.921095059277462, 29.784716509560262 ], [ -81.921354477547013, 29.784258948467819 ], [ -81.92157205416018, 29.783852225741025 ], [ -81.92183984076101, 29.783445501361815 ], [ -81.922191310674577, 29.782908041611943 ], [ -81.922450728944128, 29.782523102450195 ], [ -81.922710147213692, 29.782109109624372 ], [ -81.923019775470877, 29.78165879969465 ], [ -81.92332103539681, 29.781193961513704 ], [ -81.92347166535977, 29.780968804743953 ], [ -81.923530243678712, 29.780859857738097 ], [ -81.923639031985303, 29.780576594968075 ], [ -81.923764556954438, 29.780213436398274 ], [ -81.923898450254853, 29.779712275408826 ], [ -81.924082553542917, 29.77912395278566 ], [ -81.924216446843332, 29.778666366133301 ], [ -81.924316866818657, 29.778230567377392 ], [ -81.924459128450337, 29.777634972676921 ], [ -81.924567916756928, 29.777162852409486 ], [ -81.92465160006968, 29.776712520234028 ], [ -81.924710178388608, 29.776211341722213 ], [ -81.924785493370095, 29.775586680935206 ], [ -81.924877545014127, 29.774998334072574 ], [ -81.924977964989424, 29.774402720147656 ], [ -81.925028174977086, 29.774141229988473 ], [ -81.92506164830219, 29.774039539186628 ], [ -81.925136963283677, 29.773916057359848 ], [ -81.925429854878331, 29.773494765275625 ], [ -81.925672536485337, 29.773131581022007 ], [ -81.925772956460648, 29.772979043242749 ], [ -81.925806429785752, 29.77281924151054 ], [ -81.925973796411256, 29.772506901025018 ], [ -81.92624995134338, 29.772012965245811 ], [ -81.926534474606754, 29.771424597388695 ], [ -81.926760419551201, 29.770937920129636 ], [ -81.926952891170529, 29.770545671065502 ], [ -81.927095152802238, 29.770276906931024 ], [ -81.927203941108814, 29.770022669923861 ], [ -81.927304361084126, 29.769594097508183 ], [ -81.92744662271582, 29.769129203322901 ], [ -81.927538674359838, 29.768802323306986 ], [ -81.927622357672618, 29.768410065879856 ], [ -81.927731145979195, 29.76800327877746 ], [ -81.927772987635578, 29.767785356435947 ], [ -81.927814829291947, 29.767611018221409 ], [ -81.927848302617065, 29.767291397373398 ], [ -81.927915249267258, 29.766804700032509 ], [ -81.927990564248745, 29.766339792901789 ], [ -81.928065879230203, 29.765860355163529 ], [ -81.928116089217866, 29.765439029196408 ], [ -81.928166299205515, 29.764879679916191 ], [ -81.928216509193163, 29.764392970858761 ], [ -81.928249982518281, 29.764044282319102 ], [ -81.928233245855722, 29.763775500741538 ], [ -81.928199772530618, 29.763375959226092 ], [ -81.92817466753678, 29.762845656208508 ], [ -81.928157930874249, 29.762482433343983 ], [ -81.928224877524457, 29.762039299666146 ], [ -81.928275087512105, 29.761647015758598 ], [ -81.928325297499782, 29.761261994874442 ], [ -81.928333665831047, 29.761131232728189 ], [ -81.9284173491438, 29.760927824605933 ], [ -81.928559610775494, 29.760600917830111 ], [ -81.928752082394837, 29.760157775831264 ], [ -81.928961290676725, 29.759671043836473 ], [ -81.929111920639713, 29.759329603563536 ], [ -81.929270918933938, 29.759118927070066 ], [ -81.929563810528578, 29.758762955436733 ], [ -81.929814860466863, 29.758436041598372 ], [ -81.930015700417471, 29.758174509759826 ], [ -81.930157962049165, 29.757862123613727 ], [ -81.930333697005963, 29.757513412346963 ], [ -81.930526168625306, 29.757084786419234 ], [ -81.930718640244663, 29.756707012895273 ], [ -81.930927848526551, 29.756387357262746 ], [ -81.931162161802263, 29.756089495414798 ], [ -81.931429948403107, 29.755806162591551 ], [ -81.931756313322865, 29.755501034039984 ], [ -81.932040836586239, 29.755195904559454 ], [ -81.932383938168556, 29.754861714062532 ], [ -81.93267682976321, 29.75453478749818 ], [ -81.933036668008086, 29.754186064654149 ], [ -81.933363032927815, 29.753866400981277 ], [ -81.933697766178867, 29.7535322060514 ], [ -81.934166392730319, 29.753052707031802 ], [ -81.934551335969005, 29.752674918309875 ], [ -81.93496975253278, 29.75224627168954 ], [ -81.935371432434039, 29.751839418964469 ], [ -81.935781480666549, 29.751425299316324 ], [ -81.936158055573969, 29.751040239161156 ], [ -81.936509525487551, 29.750691504159338 ], [ -81.936919573720061, 29.750255583700969 ], [ -81.937337990283865, 29.749812395958372 ], [ -81.93775640684764, 29.749340144568212 ], [ -81.938199928405282, 29.748846094578987 ], [ -81.938651818294161, 29.748366573143418 ], [ -81.939099483900762, 29.747882354336319 ], [ -81.939283498932213, 29.747670302375631 ], [ -81.939434056685243, 29.747484393438373 ], [ -81.939554502887646, 29.747327532504411 ], [ -81.939705060640648, 29.747124193891413 ], [ -81.939741863646944, 29.747083526119326 ], [ -81.939785358108921, 29.747063192227099 ], [ -81.939922532950561, 29.747022524430268 ], [ -81.940199959580212, 29.746942526269979 ], [ -81.940384062868276, 29.74689166707897 ], [ -81.94047123231708, 29.746871472469039 ], [ -81.940571604152424, 29.746856948230004 ], [ -81.94066193880424, 29.746871472469039 ], [ -81.940760637775696, 29.746913463878272 ], [ -81.941028424376526, 29.747051510163828 ], [ -81.941304579308621, 29.747204087416197 ], [ -81.941522155921788, 29.747320336595489 ], [ -81.941697890878586, 29.747400257828065 ], [ -81.941974045810682, 29.747465647880052 ], [ -81.94226693740535, 29.747472913438745 ], [ -81.942693722300405, 29.747465647880052 ], [ -81.943145612189312, 29.747451116761066 ], [ -81.943697922053516, 29.747443851200785 ], [ -81.944392493549401, 29.747443851200785 ], [ -81.945070328382755, 29.747429320078648 ], [ -81.94573979488483, 29.747414788954408 ], [ -81.946518049693481, 29.747400257828065 ], [ -81.947338146158515, 29.747385726699601 ], [ -81.947856982697616, 29.747378461134581 ], [ -81.948635237506281, 29.747356664436367 ], [ -81.949582230559045, 29.747349927848685 ], [ -81.950428327075443, 29.747333419995403 ], [ -81.951207876674829, 29.747325166067736 ], [ -81.952310654156875, 29.747292150350301 ], [ -81.953147243970832, 29.747275642487505 ], [ -81.954316568369919, 29.747267388555077 ], [ -81.955409839149539, 29.747242626753756 ], [ -81.956740777489955, 29.747234372818617 ], [ -81.957796021459842, 29.747226118882804 ], [ -81.959317093848867, 29.747217864946311 ], [ -81.960952246667077, 29.747217864946311 ], [ -81.962473319056116, 29.747201357071276 ], [ -81.963718697074654, 29.747193103132751 ], [ -81.964907034878607, 29.747184849193538 ], [ -81.965867211824175, 29.747168341313067 ], [ -81.966827388769758, 29.747160087371824 ], [ -81.967844605929926, 29.747160087371824 ], [ -81.968776262768202, 29.747151833429889 ], [ -81.96979347992837, 29.747151833429889 ], [ -81.97078217698126, 29.747143579487275 ], [ -81.971561726580603, 29.747118817655366 ], [ -81.97222719575079, 29.747127071600019 ], [ -81.972902171623431, 29.747118817655366 ], [ -81.97349158717418, 29.747127071600019 ], [ -81.974042975915225, 29.747118817655366 ], [ -81.974622884763534, 29.747102309764035 ], [ -81.975095901000486, 29.747102369273744 ], [ -81.975547790889394, 29.747102369273744 ], [ -81.975782104165106, 29.747095103688196 ], [ -81.976108469084849, 29.747051510163828 ], [ -81.976495705142526, 29.746961992577919 ], [ -81.977094627395701, 29.746838183132976 ], [ -81.977646016136745, 29.746722627513087 ], [ -81.978273458497213, 29.746590563784412 ], [ -81.978929420964988, 29.746450245882102 ], [ -81.979613903540056, 29.746309927783397 ], [ -81.980212825793231, 29.746186117533234 ], [ -81.980726187724542, 29.746078815192757 ], [ -81.981344123382584, 29.745955004657194 ], [ -81.981924032230921, 29.745847702069373 ], [ -81.982541967888949, 29.745715637188258 ], [ -81.983169410249431, 29.745583572133185 ], [ -81.983796852609885, 29.745451506904175 ], [ -81.984405281565486, 29.745319441501206 ], [ -81.984757029555453, 29.745245154635587 ], [ -81.985089764140554, 29.745179121819948 ], [ -81.985546085857266, 29.745088326627435 ], [ -81.98586931373994, 29.745005785471985 ], [ -81.987770654226225, 29.74455180790244 ], [ -81.988597737337756, 29.744386724640261 ], [ -81.989415313746875, 29.744246403653701 ], [ -81.990099796321942, 29.744147353427334 ], [ -81.990518091228921, 29.744073065693332 ], [ -81.990974412945633, 29.743932744267845 ], [ -81.991397461203832, 29.743767659986442 ], [ -81.991820509462045, 29.743631465249681 ], [ -81.992196024208084, 29.743507651692113 ], [ -81.992538265495611, 29.743392092233773 ], [ -81.992885260134372, 29.743276532642255 ], [ -81.993232254773105, 29.743160972917572 ], [ -81.993526962548486, 29.743061921618985 ], [ -81.993859697133601, 29.74295048879112 ], [ -81.994159158260189, 29.742847310136394 ], [ -81.994487139494055, 29.742744131375495 ], [ -81.994753327162144, 29.742665715446218 ], [ -81.995071801693598, 29.742583172296516 ], [ -81.995380769522626, 29.742488247590352 ], [ -81.995737270863813, 29.742385068460013 ], [ -81.996169825824424, 29.742265380535798 ], [ -81.996417000087632, 29.742195218582783 ], [ -81.996711707863014, 29.742129183758617 ], [ -81.996996908935955, 29.742063148890978 ], [ -81.997282110008882, 29.741997113979856 ], [ -81.997633857998864, 29.74190631590605 ], [ -81.998004619393683, 29.741815517750037 ], [ -81.998380134139722, 29.741728846706238 ], [ -81.998698608671191, 29.741654557180507 ], [ -81.99912641028061, 29.741543122788723 ], [ -81.999525691782722, 29.741448197098045 ], [ -81.999915466582422, 29.741357398527228 ], [ -82.000276721274815, 29.741270727087489 ], [ -82.000623715913562, 29.741184055572834 ], [ -82.000908916986504, 29.741118020082823 ], [ -82.001222638166752, 29.741043730104586 ], [ -82.001564879454278, 29.74095705839375 ], [ -82.001888107336967, 29.740878641067017 ], [ -82.002292142190285, 29.740783714747344 ], [ -82.002762723960643, 29.740672279387866 ], [ -82.003195278921268, 29.740560843904571 ], [ -82.003737160959872, 29.740432899308075 ], [ -82.004236262837523, 29.740313209053902 ], [ -82.004611777583577, 29.740230663967793 ], [ -82.004930252115017, 29.740148118813742 ], [ -82.005234466592825, 29.740073828117012 ], [ -82.005533927719412, 29.739999537365239 ], [ -82.005885675709393, 29.739916992020945 ], [ -82.006170876782321, 29.739855082968152 ], [ -82.006498858016215, 29.739768410230017 ], [ -82.006717512172145, 29.739718882917462 ], [ -82.00682683925011, 29.739677610138305 ], [ -82.00694091967928, 29.739603319093032 ], [ -82.007126300376683, 29.739442354972809 ], [ -82.007368721288699, 29.73921122655349 ], [ -82.007563608688528, 29.73903375258428 ], [ -82.007782262844458, 29.738856278301011 ], [ -82.007953383488214, 29.73870356761984 ], [ -82.008153024239292, 29.738530220078342 ], [ -82.008362171692781, 29.738340362903415 ], [ -82.008604592604769, 29.73812574131636 ], [ -82.00879472665342, 29.737964774824686 ], [ -82.008956340594736, 29.737820317496812 ], [ -82.009165488048239, 29.737642841066307 ], [ -82.009331855340776, 29.737502510643115 ], [ -82.009445935769961, 29.737386944264824 ], [ -82.009659836574684, 29.737209467067466 ], [ -82.009840463920867, 29.737044371718213 ], [ -82.010044858023136, 29.736887530884708 ], [ -82.010258758827845, 29.736701798001537 ], [ -82.010529699847154, 29.736466535855779 ], [ -82.01074835400307, 29.73627254735559 ], [ -82.010962254807779, 29.736103323038392 ], [ -82.01113337545155, 29.735975372755355 ], [ -82.011418576524491, 29.735748363787003 ], [ -82.011722791002299, 29.735500717053768 ], [ -82.011988978670374, 29.735286089390392 ], [ -82.012207632826303, 29.735108608475691 ], [ -82.012445300387071, 29.734906362399396 ], [ -82.012649694489355, 29.734741263259288 ], [ -82.012654447840575, 29.734741263259288 ], [ -82.012725748108807, 29.734654586101961 ], [ -82.012830321835565, 29.734584418824497 ], [ -82.012987182425675, 29.734468849084031 ], [ -82.013167809771886, 29.734328514220181 ], [ -82.013386463927802, 29.734159286623232 ], [ -82.013595611381291, 29.734010696302722 ], [ -82.013771485376253, 29.73388274335035 ], [ -82.013876059103012, 29.73379606545117 ], [ -82.013999646234609, 29.73371351500138 ], [ -82.014218300390539, 29.733540158835677 ], [ -82.014451214600101, 29.733375057446963 ], [ -82.014589061785372, 29.733275996483307 ], [ -82.014674622107236, 29.733197573151031 ], [ -82.014860002804653, 29.733069619161498 ], [ -82.015107177067875, 29.732875624091871 ], [ -82.015340091277452, 29.732702266478192 ], [ -82.015511211921236, 29.732586694569306 ], [ -82.015739372779564, 29.732413336456332 ], [ -82.015986547042786, 29.73222346770315 ], [ -82.016214707901185, 29.732045981369769 ], [ -82.01644286875954, 29.731851984320613 ], [ -82.016656769564236, 29.731686880153504 ], [ -82.016875423720151, 29.731525903328947 ], [ -82.017094077876095, 29.731369053866821 ], [ -82.017355512192964, 29.731150289733801 ], [ -82.017659726670757, 29.730881993447685 ], [ -82.017968694499785, 29.730634334700593 ], [ -82.018310935787298, 29.730361909372672 ], [ -82.018529589943228, 29.730184419745889 ], [ -82.018752997450363, 29.730002802128336 ], [ -82.018985911659939, 29.729812928813004 ], [ -82.019233085923148, 29.72962718283074 ], [ -82.019470753483944, 29.729449691904168 ], [ -82.019741694503239, 29.729247434419019 ], [ -82.019950841956714, 29.729082325965599 ], [ -82.020164742761438, 29.728933728125217 ], [ -82.02041191702466, 29.728735597329027 ], [ -82.020654337936662, 29.72855810482519 ], [ -82.020882498795004, 29.728372356519831 ], [ -82.021096399599713, 29.728215502127505 ], [ -82.021305547053217, 29.728062775246727 ], [ -82.021481421048193, 29.727938942470026 ], [ -82.021757115418708, 29.727740809709424 ], [ -82.022009043033137, 29.727550932113381 ], [ -82.022270477350006, 29.727369309728761 ], [ -82.022493884857141, 29.72720419818474 ], [ -82.022793345983743, 29.727014319573222 ], [ -82.02308805375911, 29.726774906898729 ], [ -82.023330474671099, 29.726580899657296 ], [ -82.023568142231881, 29.726399275516847 ], [ -82.023824823197543, 29.726205267549144 ], [ -82.024048230704679, 29.726019514888144 ], [ -82.024257378158168, 29.725854401123026 ], [ -82.024428498801939, 29.72569754279451 ], [ -82.024666166362721, 29.7254746384322 ], [ -82.024884820518636, 29.725264117190918 ], [ -82.02509872132336, 29.725012316694826 ], [ -82.025288855371997, 29.72478528291898 ], [ -82.025488496123046, 29.724521097515019 ], [ -82.02564060336195, 29.724335341736435 ], [ -82.025764190493547, 29.724141329778345 ], [ -82.025887777625172, 29.723976212922825 ], [ -82.026001858054357, 29.723745048868672 ], [ -82.02613495188838, 29.72350562839409 ], [ -82.026258539019992, 29.723229055755532 ], [ -82.026401139556455, 29.722968994220974 ], [ -82.026529480039301, 29.722717187965987 ], [ -82.026648313819663, 29.722486021011715 ], [ -82.026781407653715, 29.722225957551686 ], [ -82.026890734731666, 29.721990661459547 ], [ -82.027033335268143, 29.72171821266366 ], [ -82.027175935804621, 29.721433379040803 ], [ -82.027309029638658, 29.721165056772591 ], [ -82.027432616770255, 29.720958654539668 ], [ -82.027556203901881, 29.720748123824798 ], [ -82.02769880443833, 29.720492183929593 ], [ -82.027869925082115, 29.720190834506688 ], [ -82.028022032321019, 29.719926637008019 ], [ -82.028178892911129, 29.719691335525258 ], [ -82.028354766906119, 29.719456033490879 ], [ -82.02853539425233, 29.719204218421982 ], [ -82.02869225484244, 29.718997812156655 ], [ -82.028849115432564, 29.71880378988023 ], [ -82.029005976022674, 29.718593254645366 ], [ -82.029158083261578, 29.718378590813959 ], [ -82.029314943851702, 29.718168054687244 ], [ -82.029585884871011, 29.717771750191929 ], [ -82.029866332592732, 29.717400213306533 ], [ -82.030137273612013, 29.717032803256409 ], [ -82.030446241441041, 29.716599340232168 ], [ -82.030664895596956, 29.716310363842801 ], [ -82.0308835497529, 29.71599661710675 ], [ -82.031064177099097, 29.715761306411181 ], [ -82.03125906449894, 29.715472327609376 ], [ -82.031496732059722, 29.715146193391014 ], [ -82.03175341302537, 29.714799416604201 ], [ -82.0319720671813, 29.714493921775734 ], [ -82.032204981390862, 29.714180169362631 ], [ -82.032428388897998, 29.713891186009366 ], [ -82.032661303107574, 29.71358568841714 ], [ -82.032936997478089, 29.71317698072512 ], [ -82.033188925092517, 29.712821940369484 ], [ -82.033431346004534, 29.712483412349467 ], [ -82.033716547077475, 29.712091213825843 ], [ -82.033887667721245, 29.711855893976281 ], [ -82.034044528311355, 29.71171965591655 ], [ -82.034239415711212, 29.711579289237417 ], [ -82.034510356730493, 29.711426537040087 ], [ -82.034843091315608, 29.711269656163093 ], [ -82.035185332603135, 29.711121031948259 ], [ -82.035518067188235, 29.71100543518461 ], [ -82.036012415714666, 29.710889838287883 ], [ -82.036478244133804, 29.710782498193183 ], [ -82.036953579255382, 29.710683414926983 ], [ -82.037367120811155, 29.710600845463802 ], [ -82.037904249498524, 29.710481119621573 ], [ -82.038517431805374, 29.710349008181719 ], [ -82.039035547087877, 29.710241667508839 ], [ -82.039501375507001, 29.710146712202565 ], [ -82.039952943872521, 29.710060013801009 ], [ -82.040304691862474, 29.709989829325885 ], [ -82.040561372828137, 29.709932030309535 ], [ -82.040894107413223, 29.709865974250103 ], [ -82.041155541730092, 29.709795789639337 ], [ -82.041478769612766, 29.709725604979528 ], [ -82.041835270953939, 29.709663677297765 ], [ -82.042286839319431, 29.709634777699886 ], [ -82.042733654333702, 29.709622392155378 ], [ -82.04337060339661, 29.709622392155378 ], [ -82.04380791170847, 29.709630649185218 ], [ -82.044164413049643, 29.709634777699879 ], [ -82.04467777498094, 29.709634777699879 ], [ -82.045186383561017, 29.709643034728696 ], [ -82.045870866136084, 29.709647163242852 ], [ -82.046602882223297, 29.709655420270646 ], [ -82.047116244154594, 29.709671934324209 ], [ -82.047710413056564, 29.709688448375054 ], [ -82.048513729412022, 29.709700833911398 ], [ -82.049231485445603, 29.709721476468591 ], [ -82.050172648986305, 29.709746247531619 ], [ -82.051223139604986, 29.709750376041534 ], [ -82.052283136926093, 29.709762761570239 ], [ -82.053203330619141, 29.709710955761285 ], [ -82.054308201656127, 29.709704009710954 ], [ -82.055543485525007, 29.709549356932481 ], [ -82.057669064074176, 29.709307711489259 ], [ -82.0584480719194, 29.709182055628965 ], [ -82.059371752650193, 29.7087760894672 ], [ -82.060052238914992, 29.708304165955727 ], [ -82.061029926492196, 29.707529183136735 ], [ -82.061608618034384, 29.706997551698784 ], [ -82.062064894058025, 29.706630241061259 ], [ -82.062421011930141, 29.706340258030014 ], [ -82.062799387169264, 29.706059940303845 ], [ -82.063277920559884, 29.705702292413783 ], [ -82.063700810533021, 29.705508968699657 ], [ -82.064234987341194, 29.705354309460397 ], [ -82.065002866502923, 29.705218982430672 ], [ -82.067317632671632, 29.704977326566887 ], [ -82.069465468587808, 29.705035324027229 ], [ -82.071958293692575, 29.704977326566887 ], [ -82.072358926298691, 29.704928995324359 ], [ -82.072959875207872, 29.704861331545732 ], [ -82.073315993079987, 29.704832332769517 ], [ -82.07369436831911, 29.704822666508907 ], [ -82.074095000925226, 29.704861331545732 ], [ -82.074439990113845, 29.704938661574722 ], [ -82.07507432507353, 29.705073988982178 ], [ -82.075575115831171, 29.705218982430672 ], [ -82.076242836841388, 29.705431639109793 ], [ -82.076888300484583, 29.705663627700741 ], [ -82.077533764127793, 29.7059536126858 ], [ -82.078179227771003, 29.706272595202243 ], [ -82.07879130536368, 29.706601242795827 ], [ -82.079414511639868, 29.707016883800382 ], [ -82.08226132707432, 29.708492935626467 ], [ -82.083610025320667, 29.709172389787042 ], [ -82.08483418050605, 29.709762004441469 ], [ -82.08704273321014, 29.710710952675722 ], [ -82.089270433796159, 29.711371629134515 ], [ -82.091625459614065, 29.712178421771291 ], [ -82.095138523144684, 29.713495202593069 ], [ -82.097963899497657, 29.714627756738299 ], [ -82.103234313079199, 29.716562507178949 ], [ -82.108435336046085, 29.717745625939273 ], [ -82.113231798635923, 29.718355657217963 ], [ -82.115949979581814, 29.718596143832727 ], [ -82.118502212217464, 29.718921908470019 ], [ -82.119889533542022, 29.719427324811114 ], [ -82.121110251927917, 29.720101588318407 ], [ -82.124913643172334, 29.72260246374157 ], [ -82.127767669401095, 29.72412687401539 ], [ -82.130347365914659, 29.725538539356776 ], [ -82.133209768895483, 29.726551243563833 ], [ -82.137839087296541, 29.727870812497979 ], [ -82.140454122118513, 29.729067615826064 ], [ -82.143811261417014, 29.730663331389934 ], [ -82.146647307426093, 29.731991986855654 ], [ -82.149092344654647, 29.733171513058718 ], [ -82.154294840535385, 29.734964366325467 ], [ -82.160434600687083, 29.73652129184973 ], [ -82.164672665216557, 29.737936657718709 ], [ -82.167117702445111, 29.739163291982379 ], [ -82.171600270697468, 29.739870958771689 ], [ -82.173447632159039, 29.740437088607834 ], [ -82.175457996102523, 29.741003215248075 ], [ -82.176653347636488, 29.74142780813095 ], [ -82.177468360045992, 29.741899575892365 ], [ -82.178174704134236, 29.742182635483893 ], [ -82.181108748808498, 29.74265439969421 ], [ -82.181597756254206, 29.742984633320852 ], [ -82.183227781073242, 29.745437763357184 ], [ -82.18735717728147, 29.746381258928736 ], [ -82.191106234365236, 29.747277571497971 ], [ -82.195670303858535, 29.747654963866712 ], [ -82.199528029263561, 29.748268223436057 ], [ -82.201538393207045, 29.748173876054164 ], [ -82.203657425471789, 29.748315397093695 ], [ -82.206265465182241, 29.748834305862783 ], [ -82.209471180659676, 29.750202325197581 ], [ -82.214741594241218, 29.752749621798834 ], [ -82.219414332055777, 29.754117587701444 ], [ -82.22256571337256, 29.754683637096566 ], [ -82.227944795275377, 29.755202512900436 ], [ -82.236801263458787, 29.755344024017113 ], [ -82.247287756461233, 29.75751383611912 ], [ -82.253163453145262, 29.759147741208796 ], [ -82.2543521644279, 29.759512696185542 ], [ -82.255888791207909, 29.759764388498542 ], [ -82.25892942769002, 29.759902819001219 ], [ -82.262075163645306, 29.760041249312671 ], [ -82.265228147840091, 29.76011675667467 ], [ -82.268591330981209, 29.760292940298083 ], [ -82.271563109187838, 29.760519461644439 ], [ -82.272461890889332, 29.760733398001367 ], [ -82.273186714842168, 29.760972502800932 ], [ -82.273824559920655, 29.761362619933237 ], [ -82.274853809933674, 29.761916331964823 ], [ -82.276401309072995, 29.762671388894852 ], [ -82.278271354871308, 29.763250262021181 ], [ -82.280602488473761, 29.763808198563741 ], [ -82.283567891782212, 29.764249489866831 ], [ -82.288693803215423, 29.765463030928082 ], [ -82.298428345711358, 29.76725775882019 ], [ -82.308732081488941, 29.769001059020376 ], [ -82.316502194263265, 29.771165387263785 ], [ -82.326446778896099, 29.772222367781197 ], [ -82.328453922833631, 29.772787174993326 ], [ -82.329973470095069, 29.773216605886564 ], [ -82.331775723823725, 29.774075462149135 ], [ -82.336110548831059, 29.776471422512028 ], [ -82.350042349280258, 29.781538576239335 ], [ -82.355172790080573, 29.784455912057691 ], [ -82.357961410351905, 29.785025233838333 ], [ -82.360258400398223, 29.785699970512976 ], [ -82.362908773528602, 29.785699970512976 ], [ -82.36548847004218, 29.785423942423055 ], [ -82.368441171460773, 29.784762995093189 ], [ -82.374809994523247, 29.782920482750409 ], [ -82.388432199406893, 29.779849553489207 ], [ -82.396216316483262, 29.778006950720652 ], [ -82.40588015654923, 29.775762479793247 ], [ -82.410438798333487, 29.774566233849463 ], [ -82.414820748575721, 29.773523341111542 ], [ -82.419732773444025, 29.772695153848073 ], [ -82.425254463962844, 29.7722076066709 ], [ -82.426995088533175, 29.7722076066709 ], [ -82.428978078550003, 29.772255419105637 ], [ -82.430696669897927, 29.772264981589842 ], [ -82.432106796132118, 29.772226731647539 ], [ -82.433109307751735, 29.772274544073127 ], [ -82.434012669870526, 29.772398856272872 ], [ -82.434827899099659, 29.772570980602399 ], [ -82.435731261218422, 29.772829166542056 ], [ -82.436832922338894, 29.773259474962426 ], [ -82.437503461050937, 29.77352072981089 ], [ -82.438546913135923, 29.773942353117402 ], [ -82.439608355774084, 29.774348359068291 ], [ -82.440669798412259, 29.774769978890525 ], [ -82.441785212710002, 29.775175981486157 ], [ -82.44273871202904, 29.775566367045098 ], [ -82.444088003518232, 29.776050443024662 ], [ -82.445257389475529, 29.776518901422072 ], [ -82.446300841560515, 29.776924896927181 ], [ -82.447470227517826, 29.777377736125587 ], [ -82.44903540564529, 29.77800233855616 ], [ -82.450425175879175, 29.778595707256478 ], [ -82.451666524049244, 29.779204687266336 ], [ -82.452620023368283, 29.779641901399543 ], [ -82.453465579368171, 29.780063498934197 ], [ -82.454652955878672, 29.780625626218953 ], [ -82.456074209580635, 29.781312666392179 ], [ -82.457189623878378, 29.78182794342818 ], [ -82.458323028729296, 29.782343217812205 ], [ -82.459384471367471, 29.782874103797742 ], [ -82.461039602260897, 29.783623585102326 ], [ -82.462280950430923, 29.784138850244425 ], [ -82.464115986856257, 29.78495077781346 ], [ -82.465357335026312, 29.785372352992358 ], [ -82.466634664302774, 29.785871995349805 ], [ -82.46830778574936, 29.786637067876505 ], [ -82.46890147400461, 29.786964954312179 ], [ -82.469657077238566, 29.787542656371247 ], [ -82.470304737153384, 29.788120355096094 ], [ -82.470790482089498, 29.788619983736844 ], [ -82.47133019868518, 29.789322582293273 ], [ -82.471851924727659, 29.7901656940506 ], [ -82.472517575195653, 29.791102476562141 ], [ -82.472985329578592, 29.791664541860197 ], [ -82.48090834109297, 29.799713077478021 ], [ -82.481380449553029, 29.800400634674713 ], [ -82.481749708397601, 29.801006732145233 ], [ -82.482116046162432, 29.801627007407809 ], [ -82.482482383927263, 29.802278292294321 ], [ -82.482857656759521, 29.802960586198953 ], [ -82.483155244144356, 29.803519287075797 ], [ -82.483719375282305, 29.80456981652144 ], [ -82.483998271575231, 29.805147328008982 ], [ -82.484270829316031, 29.8056588353991 ], [ -82.484480001535744, 29.806076839496054 ], [ -82.484587756921641, 29.8062913409202 ], [ -82.484756841885968, 29.806505748991309 ], [ -82.484810683805961, 29.806551429897748 ], [ -82.484876490597074, 29.806597110783333 ], [ -82.484965030643309, 29.806652135458719 ], [ -82.48505680977793, 29.806698342357894 ], [ -82.485437122904614, 29.806819342465932 ], [ -82.486077316667931, 29.806934842432504 ], [ -82.486543810500947, 29.807000854493538 ], [ -82.487262645004861, 29.807077510881776 ], [ -82.487727268511478, 29.807178299756472 ], [ -82.4880929762395, 29.807303341434231 ], [ -82.488207070177523, 29.807369341112061 ], [ -82.488295809907086, 29.807451840648113 ], [ -82.488365533980314, 29.807567339884265 ], [ -82.488466950814114, 29.807682838987027 ], [ -82.488758524211249, 29.807831337637445 ], [ -82.489284624036529, 29.808045835298792 ], [ -82.489753733825935, 29.808236060384775 ], [ -82.490077191246854, 29.808395511222894 ], [ -82.490354178337341, 29.808612591966018 ], [ -82.490720516102144, 29.80896922359252 ], [ -82.491131529204168, 29.809480910226558 ], [ -82.491445215282454, 29.809967461316276 ], [ -82.491805809094728, 29.810558454507301 ], [ -82.492112981601451, 29.811010388120284 ], [ -82.492400308779906, 29.811411340774931 ], [ -82.492757711477296, 29.811868746568269 ], [ -82.493141341732724, 29.81230823739741 ], [ -82.493395092933952, 29.812655872736361 ], [ -82.493769042072586, 29.813107796870156 ], [ -82.494049503926576, 29.813467017160509 ], [ -82.49442345306521, 29.814000051342109 ], [ -82.494989879947113, 29.814675589288473 ], [ -82.495436905546725, 29.815281613164206 ], [ -82.495883931146366, 29.815790670381109 ], [ -82.496311075383431, 29.816232114056316 ], [ -82.496718801104478, 29.816648293043489 ], [ -82.497234454222266, 29.817251749497625 ], [ -82.497522260613607, 29.817636711194673 ], [ -82.497846042803843, 29.81805288433479 ], [ -82.498145841128149, 29.818437842946928 ], [ -82.498510206544168, 29.81894191927514 ], [ -82.498817536643941, 29.819450957854496 ], [ -82.499096927643691, 29.820008473324418 ], [ -82.499264562243553, 29.820541746081773 ], [ -82.499404257743421, 29.822480895762922 ], [ -82.499516014143325, 29.823692845209859 ], [ -82.499599831443263, 29.824662394186568 ], [ -82.49971158784318, 29.825656172126653 ], [ -82.499795405143118, 29.826674178306849 ], [ -82.499879222443042, 29.827764887706813 ], [ -82.499935100643015, 29.828322356802957 ], [ -82.499990978842945, 29.829073723272856 ], [ -82.500074796142883, 29.830188643752084 ], [ -82.500270369842724, 29.832200316621424 ], [ -82.500382126242627, 29.833460621156405 ], [ -82.500521821742495, 29.835011743374967 ], [ -82.500633578142427, 29.836393191325033 ], [ -82.500703129472413, 29.837407366098347 ], [ -82.500718166516194, 29.837508933141159 ], [ -82.50073400259646, 29.837725975107119 ], [ -82.50074788010788, 29.837877389502079 ], [ -82.500820550225797, 29.838486742688918 ], [ -82.500883530994642, 29.839112901746368 ], [ -82.50093197773991, 29.839650807064043 ], [ -82.5009658904616, 29.840146685962626 ], [ -82.500990113834249, 29.840436647906717 ], [ -82.501014337206882, 29.840743418322486 ], [ -82.501038560579516, 29.841050187796036 ], [ -82.50106278395215, 29.841344349419984 ], [ -82.501082162650249, 29.841630105596511 ], [ -82.501130609395531, 29.841890647280191 ], [ -82.50114998809363, 29.842235233624404 ], [ -82.501174211466264, 29.842546200768105 ], [ -82.501198434838912, 29.84283195350595 ], [ -82.501232347560602, 29.843184941053316 ], [ -82.501261415607757, 29.843420265391774 ], [ -82.50128079430587, 29.843680802405402 ], [ -82.501295328329448, 29.843848890440583 ], [ -82.501319551702068, 29.843966551896866 ], [ -82.501406755843576, 29.844159852559827 ], [ -82.501648989569915, 29.844575867934886 ], [ -82.501784640456677, 29.844815391152554 ], [ -82.501896067970804, 29.845021296617304 ], [ -82.502002650810383, 29.845218797378454 ], [ -82.502143146371679, 29.845445712664372 ], [ -82.502312709980117, 29.845710446512935 ], [ -82.502501652286668, 29.84601720072952 ], [ -82.502676060569641, 29.846311347723415 ], [ -82.502782643409247, 29.846508845933123 ], [ -82.502932828319572, 29.846765172814308 ], [ -82.503121770626137, 29.84709293409724 ], [ -82.50326226618742, 29.847361865628418 ], [ -82.503359159677956, 29.847534149509951 ], [ -82.503426985121351, 29.84768122088094 ], [ -82.503534591561177, 29.847843815714686 ], [ -82.503623051634207, 29.847958904436336 ], [ -82.503775801687283, 29.848109827640872 ], [ -82.503892073875932, 29.848227484076663 ], [ -82.504105239555116, 29.848416574486578 ], [ -82.504415298724851, 29.848698108433407 ], [ -82.504802519274847, 29.84905863441999 ], [ -82.505112931856743, 29.849357819199302 ], [ -82.505321252861393, 29.84953850355312 ], [ -82.505628146623266, 29.849800305941923 ], [ -82.505984973271609, 29.85009736239169 ], [ -82.506275653743231, 29.850336872364899 ], [ -82.506561489540317, 29.850551170274954 ], [ -82.506876393384573, 29.850782275348731 ], [ -82.507205684592591, 29.851015100842716 ], [ -82.507511045747606, 29.85121927257153 ], [ -82.507733900775861, 29.851391549797157 ], [ -82.508048804620103, 29.851610047314228 ], [ -82.508363708464373, 29.851828544353101 ], [ -82.508709505834403, 29.852050861662917 ], [ -82.509017739525504, 29.852236124089927 ], [ -82.509259973251858, 29.85237478485816 ], [ -82.509463449581986, 29.85249663810156 ], [ -82.509734751355509, 29.852664711296679 ], [ -82.50995760638375, 29.852799169649032 ], [ -82.51017561673747, 29.852921022374439 ], [ -82.510388782416655, 29.853047076761442 ], [ -82.510674618213741, 29.853215149029847 ], [ -82.510897473241982, 29.8533370012475 ], [ -82.511173619690027, 29.853463055109245 ], [ -82.511459455487127, 29.853576503448721 ], [ -82.511808272053059, 29.853710960573014 ], [ -82.512118331222808, 29.853824408630771 ], [ -82.512469058938905, 29.853943335159919 ], [ -82.512714226189615, 29.854034497286154 ], [ -82.513063042755562, 29.854164752030453 ], [ -82.51333891632386, 29.854263006195211 ], [ -82.513605646302608, 29.854370638215116 ], [ -82.513910860797807, 29.854492489022338 ], [ -82.514162783873203, 29.854589129211966 ], [ -82.51442543226581, 29.854680061281979 ], [ -82.514693748013528, 29.854788104117716 ], [ -82.51502914269814, 29.85498756750723 ], [ -82.515412709901184, 29.855223590742177 ], [ -82.515843885934089, 29.855500903786893 ], [ -82.516270217292444, 29.855786619451422 ], [ -82.516638412556517, 29.856026115775439 ], [ -82.516936101047875, 29.856209272071094 ], [ -82.517319409258874, 29.856458597695926 ], [ -82.517673969354064, 29.856691301050571 ], [ -82.517983070158792, 29.856884270070619 ], [ -82.518287262491668, 29.857073598241143 ], [ -82.518737649639604, 29.857339543249246 ], [ -82.51918803678754, 29.857613798296715 ], [ -82.51955217958799, 29.857829877500308 ], [ -82.520002908493367, 29.858124551425181 ], [ -82.520386235476565, 29.858354705032742 ], [ -82.520710589077751, 29.858559285571701 ], [ -82.521108659406465, 29.858789438176775 ], [ -82.521439972527176, 29.859001683495681 ], [ -82.521775367211816, 29.859201138465139 ], [ -82.522225754359738, 29.859483698989557 ], [ -82.522544318481081, 29.859676230391337 ], [ -82.522889526966424, 29.859890786650112 ], [ -82.523211721552784, 29.860085383788238 ], [ -82.523602957836189, 29.860319897783874 ], [ -82.524068989291436, 29.860594328355607 ], [ -82.524414197776807, 29.860803893011322 ], [ -82.524667350666078, 29.86095358178169 ], [ -82.524799680585474, 29.861038405318567 ], [ -82.525087354323247, 29.861208052176032 ], [ -82.525490097556187, 29.86147749070987 ], [ -82.525702976122162, 29.861617199292869 ], [ -82.525990649859963, 29.861801813906141 ], [ -82.526238049274482, 29.861961480323277 ], [ -82.526462434789963, 29.862081229968478 ], [ -82.526709834204482, 29.862205969029425 ], [ -82.526939973194729, 29.862335697487424 ], [ -82.527164358710223, 29.862465425776765 ], [ -82.527463041320274, 29.862650808287295 ], [ -82.527745459660579, 29.862854609632919 ], [ -82.528061900772158, 29.863069159058462 ], [ -82.52847039747985, 29.863298676537884 ], [ -82.528947935884631, 29.863588067389951 ], [ -82.529344925642789, 29.863822573154469 ], [ -82.529954793966937, 29.864171836037446 ], [ -82.530438085846441, 29.864476192695797 ], [ -82.530915624251207, 29.864755601269749 ], [ -82.531393162655959, 29.865049977313792 ], [ -82.532048221773195, 29.865463632847302 ], [ -82.532503583283884, 29.865723546350875 ], [ -82.532866052193512, 29.865943078980475 ], [ -82.533124958557551, 29.866097749406734 ], [ -82.533556469164267, 29.866372164089082 ], [ -82.534108802740818, 29.866756343376444 ], [ -82.534494285549471, 29.86699084169495 ], [ -82.534914289206668, 29.86724529669365 ], [ -82.535259497692039, 29.8674498580848 ], [ -82.535685254824003, 29.867699322628333 ], [ -82.536099505006433, 29.867933818730517 ], [ -82.536519508663631, 29.868173303542605 ], [ -82.536985540118877, 29.868447712516399 ], [ -82.537445818099371, 29.868727109968795 ], [ -82.538038425999233, 29.86906138803554 ], [ -82.538602266525345, 29.869370718980104 ], [ -82.538999256283518, 29.869595232774664 ], [ -82.539367478667899, 29.869804778527058 ], [ -82.539660905880467, 29.869969421309449 ], [ -82.540034881739615, 29.870198922916391 ], [ -82.540288034628887, 29.870363565048301 ], [ -82.540610229215218, 29.870563130904518 ], [ -82.54105640587845, 29.870846135153062 ], [ -82.547485631548767, 29.874699043395918 ], [ -82.54776755181183, 29.874883633803719 ], [ -82.548206928449702, 29.875141700594529 ], [ -82.548406187509755, 29.875252813594432 ], [ -82.548624819550497, 29.875382525088391 ], [ -82.548924000237804, 29.87554715866473 ], [ -82.549131125329026, 29.875656914231307 ], [ -82.549274962197927, 29.875746714150491 ], [ -82.549464826864877, 29.875871436126335 ], [ -82.549706472804644, 29.876051035497568 ], [ -82.549856063148283, 29.876190723673815 ], [ -82.549948118744396, 29.876270545400978 ], [ -82.550028667390976, 29.876360344767669 ], [ -82.550114969512322, 29.87645513290035 ], [ -82.550230039007445, 29.876604798189589 ], [ -82.550359456893858, 29.876765273881372 ], [ -82.550462660312405, 29.876905897095568 ], [ -82.550569494018035, 29.877033837440681 ], [ -82.550696070462692, 29.877173524240426 ], [ -82.550963934059681, 29.877442820271387 ], [ -82.551686357989539, 29.878158713342621 ], [ -82.552261348464356, 29.878759548203817 ], [ -82.552611977556495, 29.879109164039804 ], [ -82.552888144344763, 29.879388531630003 ], [ -82.553054995112703, 29.87955315859346 ], [ -82.553336915375766, 29.879787626829806 ], [ -82.553526780042702, 29.879952253134423 ], [ -82.553618835638801, 29.880047037853188 ], [ -82.553682123861108, 29.880161777129047 ], [ -82.553825960730023, 29.880296470893114 ], [ -82.553975551073691, 29.880426175827314 ], [ -82.554236956762395, 29.880651515183647 ], [ -82.554561310363567, 29.880932750454001 ], [ -82.554792544489047, 29.881114606884694 ], [ -82.554982409155983, 29.881279230998601 ], [ -82.555201041196725, 29.881458820631078 ], [ -82.55537939891417, 29.88162843276476 ], [ -82.555504884476051, 29.881750884912353 ], [ -82.555684333076243, 29.881922759017922 ], [ -82.555839676894649, 29.882072416101597 ], [ -82.555977760288798, 29.882237038634219 ], [ -82.556104336733426, 29.882431592185991 ], [ -82.556256795096928, 29.882773543545685 ], [ -82.556566405352569, 29.883361567510487 ], [ -82.556898316249786, 29.883938122223007 ], [ -82.557139962189538, 29.88439706062475 ], [ -82.557375854654552, 29.884846020060596 ], [ -82.557559965846735, 29.885215162971136 ], [ -82.557760616338697, 29.885598583510657 ], [ -82.557945448655389, 29.885938479576165 ], [ -82.558112299423328, 29.886277688314408 ], [ -82.558296410615512, 29.886621884236735 ], [ -82.558578330878575, 29.887145658360193 ], [ -82.558842990717338, 29.88763451172597 ], [ -82.55908463665709, 29.888073480052491 ], [ -82.559257240899797, 29.888402705028884 ], [ -82.559378063869673, 29.888632164217924 ], [ -82.559470119465757, 29.888766846539422 ], [ -82.559619709809425, 29.88904618707058 ], [ -82.559855602274425, 29.88953004292409 ], [ -82.560149029486979, 29.890038837267657 ], [ -82.560476977548078, 29.890632427386162 ], [ -82.560810679083929, 29.891181120990417 ], [ -82.561040818074162, 29.891605109434053 ], [ -82.561259450114903, 29.891964251175441 ], [ -82.561443561307087, 29.892233606632256 ], [ -82.56159315165074, 29.892478021139066 ], [ -82.561771509368185, 29.892777303392332 ], [ -82.561909592762333, 29.893041668635213 ], [ -82.56199589488368, 29.89324617711566 ], [ -82.562082197005012, 29.893450685176457 ], [ -82.562168499126358, 29.893580372997583 ], [ -82.562283568621467, 29.893735000563762 ], [ -82.562415898540863, 29.89394449559332 ], [ -82.56254247498552, 29.89414401425967 ], [ -82.56266905143012, 29.894418351773741 ], [ -82.562830148723293, 29.894742567862238 ], [ -82.563002752966, 29.895031867481507 ], [ -82.56342851009795, 29.895595500534732 ], [ -82.563601114340628, 29.895785040137294 ], [ -82.563796732482317, 29.895909737047642 ], [ -82.564009611048306, 29.896009494463584 ], [ -82.564383586907468, 29.896119227505782 ], [ -82.56478057666564, 29.896194045419822 ], [ -82.565545788808194, 29.896333705375742 ], [ -82.566144150182808, 29.89643346236728 ], [ -82.566454837819649, 29.896503292201942 ], [ -82.567243063861241, 29.89678759888076 ], [ -82.567697588366954, 29.896922270182351 ], [ -82.568088824650388, 29.897096843820961 ], [ -82.568364991438685, 29.897206575665841 ], [ -82.568560609580388, 29.897286380568048 ], [ -82.568698692974522, 29.897401100002988 ], [ -82.568819515944398, 29.897510831512836 ], [ -82.568940338914274, 29.897630538476683 ], [ -82.569043901459892, 29.89771034303935 ], [ -82.56918198485404, 29.897805110874511 ], [ -82.569354589096719, 29.897894890845745 ], [ -82.569481165541362, 29.897949756343909 ], [ -82.569636509359768, 29.898034548417996 ], [ -82.569797606652926, 29.89810936489404 ], [ -82.569970210895619, 29.898179193554338 ], [ -82.570177335986855, 29.898244034409373 ], [ -82.570418981926608, 29.898313862975289 ], [ -82.57068364176537, 29.898383691492278 ], [ -82.570890766856593, 29.898423593480018 ], [ -82.571092138473048, 29.898458507706188 ], [ -82.571379812210878, 29.898508385150919 ], [ -82.571586937302087, 29.898558262570692 ], [ -82.571834336716606, 29.89861811544144 ], [ -82.572083769921107, 29.898659025800978 ], [ -82.57229284791687, 29.898694106725255 ], [ -82.572441225849332, 29.898729187637183 ], [ -82.572549137072954, 29.898781808981926 ], [ -82.572651330131961, 29.898862514290609 ], [ -82.57275489267758, 29.898942317866638 ], [ -82.572892976071714, 29.899076986256251 ], [ -82.57301379904159, 29.899191703629771 ], [ -82.573151882435752, 29.899326371682346 ], [ -82.573312979728925, 29.899466027248337 ], [ -82.573471420647493, 29.899564333785428 ], [ -82.573623667365752, 29.899660547174765 ], [ -82.5737617507599, 29.899745337793089 ], [ -82.573917094578306, 29.899825140662063 ], [ -82.574118466194776, 29.899889980446051 ], [ -82.574250796114157, 29.899934869502555 ], [ -82.57438640755835, 29.899986820514656 ], [ -82.574538469851959, 29.900049585888414 ], [ -82.574693813670379, 29.900129388513715 ], [ -82.574872171387824, 29.900219166390787 ], [ -82.575044775630502, 29.900308944186975 ], [ -82.575223133347933, 29.900388746604563 ], [ -82.575384230641106, 29.900443610729567 ], [ -82.575516560560501, 29.900488499536657 ], [ -82.575677657853674, 29.900548351247981 ], [ -82.575877, 29.900615 ] ] ] } },
{ "type": "Feature", "properties": { "id": 4, "name": "Potano_TolocoII" }, "geometry": { "type": "MultiLineString", "coordinates": [ [ [ -82.420331409443264, 29.716790033958368 ], [ -82.420503329467309, 29.716491413147381 ], [ -82.42082260951203, 29.716086140625862 ], [ -82.421191009563586, 29.715766187479446 ], [ -82.421633089625473, 29.71551022422809 ], [ -82.421909720427507, 29.715377527513109 ], [ -82.422345052377864, 29.715277219158089 ], [ -82.422967171413873, 29.715246887978566 ], [ -82.423754126718961, 29.715214341763886 ], [ -82.424241289526876, 29.715116703056513 ], [ -82.424990770769824, 29.71479124001279 ], [ -82.426077518572114, 29.714237950416894 ], [ -82.42697689606365, 29.713912484524275 ], [ -82.427702300664919, 29.713710852611957 ], [ -82.428484121310447, 29.713587394111169 ], [ -82.430049769159737, 29.713587017576529 ], [ -82.43132388727274, 29.713554470823727 ], [ -82.432972746007252, 29.71361956431878 ], [ -82.433909597560913, 29.713782297871791 ], [ -82.434498809685763, 29.713934620757698 ], [ -82.435371085984698, 29.714205403875109 ], [ -82.43696865217963, 29.714667650845438 ], [ -82.437857084731377, 29.714906848978984 ], [ -82.439203806757448, 29.715137607165079 ], [ -82.439962820353259, 29.715401288319104 ], [ -82.440743520051811, 29.715740305928001 ], [ -82.441606270099754, 29.716179990745005 ], [ -82.442219288560437, 29.716511776552995 ], [ -82.442787885393557, 29.717044174743911 ], [ -82.443454282893939, 29.718038061766034 ], [ -82.444061493770576, 29.719073918098832 ], [ -82.44438678531165, 29.719695426767302 ], [ -82.444668704647214, 29.720222764437707 ], [ -82.444798821263646, 29.720863099312684 ], [ -82.444950623982805, 29.721541096492114 ], [ -82.445015682291015, 29.722369753491435 ], [ -82.444972310085575, 29.724083545122355 ], [ -82.444993996188302, 29.724667357566126 ], [ -82.44503736839377, 29.725213501616089 ], [ -82.445340973832089, 29.725834972264231 ], [ -82.445666265373148, 29.726456439063401 ], [ -82.446056615222403, 29.727059069859511 ], [ -82.446230104044332, 29.727529872650646 ], [ -82.446295162352527, 29.72786884929241 ], [ -82.446381906763463, 29.728113665043711 ], [ -82.446490337277154, 29.728452639713193 ], [ -82.446577081688091, 29.72879161323748 ], [ -82.446945745434647, 29.72918708090172 ], [ -82.44731440918116, 29.729657873707684 ], [ -82.447444525797607, 29.730166327456775 ], [ -82.447552956311284, 29.730787767428541 ], [ -82.447704759030458, 29.731220889980964 ], [ -82.447943306160582, 29.73163517936835 ], [ -82.44816016718795, 29.731974142140039 ], [ -82.448355342112578, 29.732482584150151 ], [ -82.448702319756379, 29.733047516694647 ], [ -82.449070983502907, 29.733424136623491 ], [ -82.449344517625434, 29.733901990139636 ], [ -82.449388939253026, 29.734133427849173 ], [ -82.449406707904075, 29.734364865024755 ], [ -82.449522204135789, 29.734580872573531 ], [ -82.449646584693042, 29.734804594187246 ], [ -82.449877577156485, 29.73497431369929 ], [ -82.450081916643398, 29.735105460398277 ], [ -82.450393835769887, 29.73519423134875 ], [ -82.450899274591009, 29.735182605435238 ], [ -82.45134349086689, 29.735144032924179 ], [ -82.451645557934469, 29.735190319935676 ], [ -82.451929856351029, 29.73534460981972 ], [ -82.452107037886094, 29.735552012657923 ], [ -82.452345585016218, 29.736154588820291 ], [ -82.452519073838118, 29.736587688201041 ], [ -82.452756098624164, 29.737034068522533 ], [ -82.453129240295908, 29.737712929758256 ], [ -82.453473262358557, 29.73822591676873 ], [ -82.454058787132468, 29.738922626555425 ], [ -82.454449136981737, 29.739525182467926 ], [ -82.454774428522796, 29.739977097026507 ], [ -82.455034661755647, 29.740353690936427 ], [ -82.455403325502175, 29.740730283432161 ], [ -82.455598500426802, 29.740975067796029 ], [ -82.455837047556926, 29.741276340039025 ], [ -82.456097280789749, 29.741521123069997 ], [ -82.456422572330794, 29.741709417302626 ], [ -82.456747863871868, 29.741916540550168 ], [ -82.457420133056729, 29.742142492695937 ], [ -82.458005657830626, 29.742387273612646 ], [ -82.458522025885031, 29.74255739699306 ], [ -82.459046590762028, 29.742782687677444 ], [ -82.459567057227702, 29.74298980870817 ], [ -82.460087523693417, 29.743159271051461 ], [ -82.460609842381643, 29.743305645748759 ], [ -82.461323631549433, 29.743422878571778 ], [ -82.461909156323316, 29.743535853011206 ], [ -82.462538053302694, 29.74362999828017 ], [ -82.463232008590296, 29.743742972486221 ], [ -82.463817533364193, 29.743780630526651 ], [ -82.464684977473695, 29.743780630526651 ], [ -82.465682538199573, 29.74370531443169 ], [ -82.466333121281707, 29.743573511129398 ], [ -82.466853587747394, 29.743517023946811 ], [ -82.467460798624032, 29.743592340183191 ], [ -82.467959578987006, 29.74383711756073 ], [ -82.468436673247211, 29.744289012687869 ], [ -82.469130628534799, 29.74489153635604 ], [ -82.469823029918317, 29.745510424867266 ], [ -82.470335818269646, 29.745901679955367 ], [ -82.470724294293404, 29.746252459081148 ], [ -82.471199958398458, 29.746460571364604 ], [ -82.471955126067428, 29.746499139523209 ], [ -82.472585913179188, 29.746653412009241 ], [ -82.473181162988865, 29.746877106692356 ], [ -82.473678685217834, 29.747201077417532 ], [ -82.473838603077155, 29.747525047095852 ], [ -82.473865256053713, 29.747795021028082 ], [ -82.473794181449577, 29.748095848267621 ], [ -82.473769663828506, 29.748636644871866 ], [ -82.473906918864486, 29.74913033253107 ], [ -82.474142213211877, 29.749828300590597 ], [ -82.474338291834698, 29.750662451165432 ], [ -82.474475546870678, 29.751411478419882 ], [ -82.474682614001338, 29.752153071052867 ], [ -82.474958028092374, 29.752854969359596 ], [ -82.475197904881341, 29.753425740183321 ], [ -82.475397116397957, 29.753879824076478 ], [ -82.475573587158479, 29.754237303580737 ], [ -82.475695427110338, 29.754682967154888 ], [ -82.47590692081728, 29.755105462782964 ], [ -82.476299078062937, 29.755701253962709 ], [ -82.476548322360017, 29.756202416741854 ], [ -82.476730451033148, 29.756858780986857 ], [ -82.476887313931428, 29.757488606251371 ], [ -82.47714221614109, 29.757948205973328 ], [ -82.477338294763911, 29.758356737290004 ], [ -82.477593196973586, 29.758680156734588 ], [ -82.477703284677318, 29.759002154380749 ], [ -82.477703284677304, 29.759449488133694 ], [ -82.477573589111316, 29.759956802244712 ], [ -82.477205762448321, 29.760267023970808 ], [ -82.476868158078688, 29.760567813779598 ], [ -82.47694811700832, 29.76054467613405 ], [ -82.476823736451067, 29.760845465109387 ], [ -82.476894811055203, 29.761408477944158 ], [ -82.477125803518675, 29.762233710218172 ], [ -82.477670245597935, 29.76365495915709 ], [ -82.477981026416913, 29.764895952249748 ], [ -82.478229651072127, 29.766352750613777 ], [ -82.478281923136237, 29.766817216645023 ], [ -82.478406923258291, 29.767294645194859 ], [ -82.478640256819446, 29.767699734301285 ], [ -82.478923590429432, 29.768039718536976 ], [ -82.479845711330881, 29.76867279316302 ], [ -82.480498591967276, 29.769269439116211 ], [ -82.481150990770644, 29.77023744268282 ], [ -82.481896864736242, 29.771694163368775 ], [ -82.482706927456803, 29.773095943632494 ], [ -82.482806927554449, 29.773341876541039 ], [ -82.482890260969157, 29.77371077477153 ], [ -82.482915260993579, 29.774441333923786 ], [ -82.482948594359456, 29.775634810183107 ], [ -82.482953519520834, 29.776603695567552 ], [ -82.482981927725348, 29.777949390265736 ], [ -82.483056927798572, 29.778433998697157 ], [ -82.483190261262081, 29.778918604783204 ], [ -82.483512924995026, 29.779732722368745 ], [ -82.483756928482052, 29.780394107379049 ], [ -82.484023595409099, 29.780828074592687 ], [ -82.484290262336145, 29.781139083272059 ], [ -82.484965262995203, 29.781891286316576 ], [ -82.485688390727987, 29.782915597582821 ], [ -82.48609026409369, 29.783656048198917 ], [ -82.486281930947499, 29.784082768737637 ], [ -82.486423597752477, 29.784560114981449 ], [ -82.486531931191578, 29.785138713437501 ], [ -82.486597115819052, 29.785706265762816 ], [ -82.486773010845411, 29.78689698663668 ], [ -82.487089621892792, 29.788179285583436 ], [ -82.487331931972733, 29.789181576821054 ], [ -82.48759026555831, 29.790042201075664 ], [ -82.488006932631777, 29.790859425660564 ], [ -82.488573599851748, 29.791669411584731 ], [ -82.488998600266726, 29.792291360612719 ], [ -82.489552152261425, 29.793277787918452 ], [ -82.490040267950519, 29.794171648120063 ], [ -82.490240268145797, 29.794685105105888 ], [ -82.490456935024028, 29.795119010363866 ], [ -82.490615268511945, 29.795386584335066 ], [ -82.490706935268136, 29.795668620989598 ], [ -82.490713059435194, 29.795994847733965 ], [ -82.490648601877851, 29.796623200690878 ], [ -82.49048193504845, 29.797230655759201 ], [ -82.490365268267865, 29.797635623755877 ], [ -82.490256934828764, 29.798069516219126 ], [ -82.490173601414071, 29.798481712316356 ], [ -82.49013193470671, 29.798836054972352 ], [ -82.490065267974941, 29.799306099416196 ], [ -82.49001526792614, 29.799761678846579 ], [ -82.489973601218793, 29.800549898675584 ], [ -82.489898601145555, 29.801236874195478 ], [ -82.489806934389392, 29.801670751040596 ], [ -82.489681934267338, 29.802075701064933 ], [ -82.489496615294428, 29.802489943227503 ], [ -82.489130004198216, 29.80332138287168 ], [ -82.488848572156101, 29.804023480982003 ], [ -82.488531933144444, 29.804895843272529 ], [ -82.488320887077094, 29.805641340474267 ], [ -82.488215266168581, 29.806255268037422 ], [ -82.488131932753873, 29.807036205823096 ], [ -82.48804859933918, 29.807759290928541 ], [ -82.487998599290378, 29.808084677520412 ], [ -82.487881932509794, 29.808366678377052 ], [ -82.487740265704787, 29.808554678506386 ], [ -82.487548598850992, 29.808728216773634 ], [ -82.487159979903325, 29.809029602917299 ], [ -82.486865264850437, 29.809306675489644 ], [ -82.486573597898996, 29.809682671860809 ] ] ] } },
{ "type": "Feature", "properties": { "id": 5, "name": "Bellamy_OLeno_CharlesSpring" }, "geometry": { "type": "MultiLineString", "coordinates": [ [ [ -82.575881545248563, 29.900615094252011 ], [ -82.576023041345692, 29.900668425433118 ], [ -82.576194822709823, 29.900740508569495 ], [ -82.576384884544055, 29.900822889916284 ], [ -82.576545643879783, 29.900886581455929 ], [ -82.576650285927769, 29.900914299326629 ], [ -82.576813062446831, 29.900949576605484 ], [ -82.576914797771266, 29.900974774654149 ], [ -82.576996186030783, 29.900999972696447 ], [ -82.577077574290342, 29.901017611322263 ], [ -82.577164775996977, 29.901037769747933 ], [ -82.57726360459786, 29.901065487576595 ], [ -82.57735371302806, 29.901080606388962 ], [ -82.577699613131117, 29.90111084400684 ], [ -82.578033886339938, 29.901123443011585 ], [ -82.578533639170033, 29.901129530997373 ], [ -82.579141348014403, 29.901125962812333 ], [ -82.579719786001831, 29.901141081615538 ], [ -82.580048834435857, 29.901160282542854 ], [ -82.58049350571342, 29.901211679809062 ], [ -82.581101223126112, 29.90132732356107 ], [ -82.581871986673889, 29.901494364299246 ], [ -82.582799471449576, 29.901715350140545 ], [ -82.583496364841778, 29.901880111153957 ], [ -82.584193258233981, 29.902044871894908 ], [ -82.584911269607773, 29.902227939065302 ], [ -82.585734870889468, 29.902429312564205 ], [ -82.586558472171149, 29.902594072396962 ], [ -82.587148752501022, 29.902727887234192 ], [ -82.588057848863457, 29.902923591245031 ], [ -82.588808858603969, 29.90307481280799 ], [ -82.589564799775829, 29.903254699666945 ], [ -82.590528254210568, 29.903460284250894 ], [ -82.591462063893459, 29.903653019413056 ], [ -82.59260338683923, 29.903922848013671 ], [ -82.594233848190299, 29.904308316175374 ], [ -82.595671618654464, 29.904642387375752 ], [ -82.597257612877783, 29.905002155107923 ], [ -82.598487870079083, 29.905271980054433 ], [ -82.599910818167317, 29.905606048023241 ], [ -82.601318943879605, 29.905927266167534 ], [ -82.602697424840073, 29.906248483276048 ], [ -82.60385357016176, 29.90650545621709 ], [ -82.604831846972402, 29.906723882695768 ], [ -82.605736011903474, 29.906916611543917 ], [ -82.607485052261907, 29.907302068121535 ], [ -82.608418861944799, 29.907507644353057 ], [ -82.609471250635053, 29.907738917106379 ], [ -82.610479172197543, 29.907944492436329 ], [ -82.611546383263715, 29.908188612589583 ], [ -82.612628416705803, 29.90843273214454 ], [ -82.613769739651559, 29.908689699450765 ], [ -82.614599792703018, 29.908869576170677 ], [ -82.615578069513674, 29.909075149167101 ], [ -82.616600813452095, 29.909306418280931 ], [ -82.617682846894184, 29.909550535096301 ], [ -82.61857218944931, 29.909768954897629 ], [ -82.619342952997101, 29.909923133292533 ], [ -82.620128538920795, 29.910128704114491 ], [ -82.620736256333487, 29.910257185662758 ], [ -82.621091993355535, 29.910334274512159 ], [ -82.621388440873915, 29.910449907674391 ], [ -82.621625598888613, 29.910552692594784 ], [ -82.62202580303844, 29.910655477409104 ], [ -82.622411184812336, 29.910694021687128 ], [ -82.622915145593581, 29.910668325503433 ], [ -82.623419106374811, 29.910629781215466 ], [ -82.62381931052461, 29.910578388808304 ], [ -82.624278804178104, 29.910539844485534 ], [ -82.624856876838948, 29.910501300147843 ], [ -82.625316370492442, 29.910552692594784 ], [ -82.625775864145922, 29.91061693311616 ], [ -82.626428048686378, 29.910694021687128 ], [ -82.627095055602723, 29.910809654431691 ], [ -82.62756937163212, 29.910873894787326 ], [ -82.628034187998054, 29.9109598523725 ], [ -82.628688845427092, 29.911051377808285 ], [ -82.629629681884879, 29.911169399889577 ], [ -82.630489379688171, 29.911259336051007 ], [ -82.631186031356364, 29.911580535964603 ], [ -82.631734459265374, 29.911837495149626 ], [ -82.632282887174384, 29.912132997392792 ], [ -82.632668268948279, 29.912312867894141 ], [ -82.632979538842562, 29.912505585927946 ], [ -82.633350098240541, 29.912698303588819 ], [ -82.633691012886686, 29.912993803277836 ], [ -82.634180151292, 29.913482018234323 ], [ -82.634550710689979, 29.913905992438984 ], [ -82.63502502671939, 29.914432745754564 ], [ -82.635380763741438, 29.914882411014556 ], [ -82.635677211259818, 29.91520359924283 ], [ -82.635823113867943, 29.915348935299093 ], [ -82.635914498881959, 29.915416828846112 ], [ -82.636038521400963, 29.915479064556877 ], [ -82.636195181424995, 29.915518669079837 ], [ -82.636396908704526, 29.915536021125796 ], [ -82.637206944080134, 29.915524326867544 ], [ -82.638225234236273, 29.915513011291804 ], [ -82.639047699362365, 29.915518669079837 ], [ -82.639804889478469, 29.915518669079837 ], [ -82.640235704544537, 29.915507353503447 ], [ -82.640385837067541, 29.915501695714784 ], [ -82.640529442089573, 29.91547906455687 ], [ -82.640777487127608, 29.915433802225632 ], [ -82.641293159706677, 29.915331961905107 ], [ -82.642357142369818, 29.915122623141393 ], [ -82.643414597531958, 29.91493025740294 ], [ -82.644282755165079, 29.914783153940451 ], [ -82.644524272702114, 29.914760522619243 ], [ -82.644791900243149, 29.914737891292894 ], [ -82.645059527784198, 29.914709602127726 ], [ -82.645451177844251, 29.914653023773266 ], [ -82.646058235437323, 29.914568156181307 ], [ -82.646319335477358, 29.914528551280313 ], [ -82.646658765529409, 29.914500262055661 ], [ -82.64691986556943, 29.914500262055661 ], [ -82.647141800603464, 29.914517235591408 ], [ -82.647357208136498, 29.914573814023022 ], [ -82.647533450663531, 29.914664339446723 ], [ -82.648231893270619, 29.915060387207848 ], [ -82.648551740819656, 29.915235779284526 ], [ -82.649106578404741, 29.915501695714777 ], [ -82.649641833486811, 29.915739322562267 ], [ -82.650563382242552, 29.91621795449916 ], [ -82.651410786258069, 29.916638904776644 ], [ -82.652311581396205, 29.917119810173968 ], [ -82.652781561468274, 29.917363090843221 ], [ -82.653577916590351, 29.917787416169389 ], [ -82.654746339269508, 29.918398441462227 ], [ -82.655094105101369, 29.918579239211432 ], [ -82.655410319974663, 29.918716276375605 ], [ -82.655577922817429, 29.91877294293964 ], [ -82.6556934669226, 29.918819677696945 ], [ -82.655809011027785, 29.918859736042904 ], [ -82.65604009923814, 29.918899794372724 ], [ -82.656332810971264, 29.918913147145751 ], [ -82.656640928585077, 29.918926499916996 ], [ -82.657079996184777, 29.918946529070489 ], [ -82.659016631305661, 29.91903171774711 ], [ -82.659565204768271, 29.919089949155232 ], [ -82.660223567364383, 29.919185052945949 ], [ -82.661189165838721, 29.919394280965747 ], [ -82.662483945611115, 29.919812735686289 ], [ -82.663493434925201, 29.920174126984111 ], [ -82.664502924239272, 29.920554537459363 ], [ -82.665709922332155, 29.921049068904143 ], [ -82.667202210883403, 29.921600658771439 ], [ -82.668913953633364, 29.922380487507048 ], [ -82.671810749056348, 29.923692868417387 ], [ -82.673873618524226, 29.924529739963564 ], [ -82.674839216998535, 29.924872094477337 ], [ -82.675377970480625, 29.925027515622595 ], [ -82.675980378831852, 29.925271506588533 ], [ -82.676421367723478, 29.92549525093542 ], [ -82.67685311830671, 29.925765497003251 ], [ -82.677512737253323, 29.926285198917576 ], [ -82.67806519371959, 29.926716984642802 ], [ -82.678805860362587, 29.927396204519326 ], [ -82.679491646011215, 29.927990544566391 ], [ -82.679935337748148, 29.92831201045561 ], [ -82.680427053690167, 29.928623823951959 ], [ -82.681140797213885, 29.929080158768116 ], [ -82.682185803916553, 29.929603735374933 ], [ -82.682789948416541, 29.929872597967488 ], [ -82.683341370127025, 29.930068547069048 ], [ -82.683883939808396, 29.930396170405338 ], [ -82.684275817321904, 29.930749934006691 ], [ -82.685065782658484, 29.931642864026813 ], [ -82.687314434119912, 29.934138276784161 ], [ -82.687868027862308, 29.934669550547721 ], [ -82.688533158998112, 29.93521825309859 ], [ -82.689386553227138, 29.935759091620195 ], [ -82.690153980024405, 29.936226034141807 ], [ -82.691210500222397, 29.936929830054037 ], [ -82.69217609869672, 29.937690521472017 ], [ -82.692962435537837, 29.938136230728489 ], [ -82.693926233074706, 29.938416422198976 ], [ -82.694774869037772, 29.938716357246015 ], [ -82.69524838769992, 29.938971045868037 ], [ -82.695770891051254, 29.939296480380651 ], [ -82.696358707321522, 29.93974925706204 ], [ -82.696995508280963, 29.940159584149519 ], [ -82.697860904456604, 29.940697251564334 ], [ -82.698979178856774, 29.941455858338497 ], [ -82.699591696807914, 29.941871620285625 ], [ -82.700778703286218, 29.942901101304752 ], [ -82.701744301760542, 29.943699779198401 ], [ -82.7025343368759, 29.944612546081174 ], [ -82.703236590311761, 29.945373178751453 ], [ -82.703788051848321, 29.946045469191532 ], [ -82.704641097183512, 29.94697048842427 ], [ -82.705475023138632, 29.948111408198212 ], [ -82.706308949093739, 29.949328374863203 ], [ -82.706660075811669, 29.950050941774041 ], [ -82.706857759037391, 29.950686017585227 ], [ -82.707102682483338, 29.95115289003774 ], [ -82.707347605929272, 29.951421694394792 ], [ -82.707788468131952, 29.951704645564543 ], [ -82.708196255202651, 29.951914379576543 ], [ -82.709161853676974, 29.952370726368141 ], [ -82.710139733212969, 29.952893031684891 ], [ -82.710678564794023, 29.953331599164969 ], [ -82.711105331243559, 29.953742387525569 ], [ -82.711477116468018, 29.954002165754051 ], [ -82.712064776984093, 29.954282725478421 ], [ -82.712772368217728, 29.954584066522749 ], [ -82.713571514817886, 29.954899348463329 ], [ -82.715072670926801, 29.955429233243127 ], [ -82.716240236789261, 29.95586277323503 ], [ -82.717425680059293, 29.956277794018987 ], [ -82.718397118871565, 29.956641474074029 ], [ -82.719260620038057, 29.956932417160139 ], [ -82.7201691885804, 29.957275779345078 ], [ -82.721077295362306, 29.957612971016758 ], [ -82.721863116609228, 29.957961101958364 ], [ -82.722690638560437, 29.958303994525583 ], [ -82.723458195152858, 29.958646885910035 ], [ -82.724172271537412, 29.958977782765857 ], [ -82.724921349907163, 29.959353446245231 ], [ -82.725747558812202, 29.959780604453204 ], [ -82.7271745837552, 29.960599475894409 ], [ -82.72851927143418, 29.961462706781695 ], [ -82.72991743689245, 29.962365646231902 ], [ -82.731085002754909, 29.96312027307922 ], [ -82.732159904660037, 29.963810671346057 ], [ -82.733105077024902, 29.964388675508943 ], [ -82.733790790309214, 29.964806120869255 ], [ -82.734899585608659, 29.965483685375641 ], [ -82.735271370833118, 29.965701873359073 ], [ -82.736026934353788, 29.966148637735206 ], [ -82.736986380094336, 29.966730467399916 ], [ -82.738209673413508, 29.967447359980731 ], [ -82.739420973660927, 29.968174637024195 ], [ -82.740584301621325, 29.968860350504023 ], [ -82.741423816644271, 29.96935904824441 ], [ -82.742275324738998, 29.96981618564099 ], [ -82.744014320143691, 29.970813569024063 ], [ -82.745525447185017, 29.971665492735347 ], [ -82.746245031490417, 29.972060284173345 ], [ -82.746688775145415, 29.972340792925962 ], [ -82.747192484159186, 29.972673246718301 ], [ -82.747616252744137, 29.972978063381209 ], [ -82.747948047679856, 29.973255038177943 ], [ -82.748211895258507, 29.973577099842341 ], [ -82.748427770550123, 29.973805659099789 ], [ -82.74865563891349, 29.974127718979151 ], [ -82.749483160864699, 29.97530167034509 ], [ -82.74998686987847, 29.976008112268499 ], [ -82.750538551179261, 29.976870380160591 ], [ -82.751210163197641, 29.977836526858461 ], [ -82.751826900721653, 29.978712680308352 ], [ -82.7523015327275, 29.97946752737985 ], [ -82.753009123961107, 29.980610250642382 ], [ -82.753276622571434, 29.981025905006668 ], [ -82.753444485101397, 29.981303488349919 ], [ -82.753688648781377, 29.981647161890461 ], [ -82.753856511311355, 29.981845434545939 ], [ -82.754115935221321, 29.982070143076957 ], [ -82.754360098901287, 29.982241978669371 ], [ -82.754650043271241, 29.982427032051763 ], [ -82.755029369331226, 29.982642243726396 ], [ -82.755789213781441, 29.983043559783809 ], [ -82.756530525440155, 29.983444874219465 ], [ -82.757457165013534, 29.98399065924928 ], [ -82.758179943880748, 29.98439196985748 ], [ -82.758709264450673, 29.984700516892921 ], [ -82.759090770200615, 29.984912001208784 ], [ -82.759426495260598, 29.985057396414653 ], [ -82.760088821401936, 29.985387213167282 ], [ -82.760677834120429, 29.985771151610273 ], [ -82.760998298950369, 29.985956198416091 ], [ -82.761423182387631, 29.986141665158382 ], [ -82.761960633340195, 29.986302186119037 ], [ -82.762417500340177, 29.986365943687456 ], [ -82.764096125639924, 29.986445249028552 ], [ -82.766003654389678, 29.986484901675347 ], [ -82.767529677389476, 29.986498119220755 ], [ -82.769033889418367, 29.986437431777077 ], [ -82.770531700747483, 29.986275266657248 ], [ -82.772216738492716, 29.98613337196014 ], [ -82.774837908318631, 29.986194183998009 ], [ -82.776546349365859, 29.986457702398436 ], [ -82.778116230958915, 29.986945968531536 ], [ -82.778741311203575, 29.987261788525547 ], [ -82.779541972024063, 29.987694202475794 ], [ -82.78048632688656, 29.988231800797557 ], [ -82.781423947253543, 29.988637849632504 ], [ -82.782491792671493, 29.988750640680831 ], [ -82.783624265364708, 29.989067467519686 ], [ -82.7895505692006, 29.989985981318821 ], [ -82.793168733647789, 29.990580309248838 ], [ -82.796599751658064, 29.99112060427953 ], [ -82.803975775652376, 29.992642980428919 ], [ -82.807641391436576, 29.993119670325253 ], [ -82.811145018173733, 29.993523021526524 ], [ -82.813967554599444, 29.994280828442079 ], [ -82.816705414932414, 29.995185300090537 ], [ -82.819132796258543, 29.996211987649804 ], [ -82.821842431227239, 29.997165330874232 ], [ -82.824806094474283, 29.997703110191861 ], [ -82.827769757721313, 29.997874221181842 ], [ -82.833640633486823, 29.998143109284339 ], [ -82.836237366998503, 29.998583106426128 ], [ -82.838918776602981, 29.999291986607044 ], [ -82.844175241445356, 30.001221045952974 ], [ -82.846757237819503, 30.002243233574706 ], [ -82.850660528134, 30.004034020337421 ], [ -82.857886221383893, 30.006307182954945 ], [ -82.862797434764687, 30.008091456911863 ], [ -82.867906225695265, 30.0097534914552 ], [ -82.87318436881138, 30.011513262385353 ], [ -82.883797105772118, 30.014152860244106 ], [ -82.892885673062963, 30.016205832235187 ], [ -82.898304943000369, 30.016890146788562 ], [ -82.903470184659483, 30.018063246465669 ], [ -82.908155595126189, 30.018649791100348 ], [ -82.917025109878082, 30.02043504235256 ], [ -82.928537736103308, 30.023815496899626 ], [ -82.938746092424168, 30.025472715588389 ], [ -82.947678404204936, 30.028234685175313 ], [ -82.970647205926895, 30.032929856859216 ], [ -82.999680287268504, 30.039112505995043 ], [ -83.00062891382585, 30.039201285492545 ], [ -83.001859564494836, 30.039689571306887 ], [ -83.005987371947057, 30.042175352689348 ], [ -83.007320576838467, 30.042530459224132 ], [ -83.009038360063897, 30.042641429755218 ], [ -83.015242890520042, 30.042641429755218 ], [ -83.017345252079593, 30.042663623846519 ], [ -83.0187297340822, 30.04277459422844 ], [ -83.020062938973595, 30.043085310636538 ], [ -83.021088481197751, 30.043617965068854 ], [ -83.022344770422336, 30.044550103433913 ], [ -83.028999877057132, 30.050368129090113 ], [ -83.029951553325702, 30.051104249811459 ], [ -83.030943726456755, 30.051665100021918 ], [ -83.032239626056494, 30.052383684712236 ], [ -83.032705339975166, 30.052699159270677 ], [ -83.033231799187561, 30.053207421723133 ], [ -83.036058446995341, 30.055932140933784 ], [ -83.036532293480676, 30.056502301244983 ], [ -83.036893611798888, 30.057136910183644 ], [ -83.037589582468499, 30.057980239936182 ], [ -83.046585752264448, 30.065688610413879 ], [ -83.051136868365504, 30.069026692083835 ], [ -83.053239229924969, 30.070712979428937 ], [ -83.056623519264704, 30.073264543801084 ], [ -83.060626381473142, 30.076708136649323 ], [ -83.062127276319572, 30.078216417377874 ], [ -83.063999670572812, 30.080128323520167 ], [ -83.06434416876958, 30.080442539704574 ], [ -83.064956049835985, 30.080985398646085 ], [ -83.065610432411745, 30.081618827327503 ], [ -83.066150456612078, 30.082174739213183 ], [ -83.066634616239952, 30.082714534721021 ], [ -83.067213437749359, 30.083327387274757 ], [ -83.06746214907588, 30.083535654065969 ], [ -83.067911434052803, 30.083736978213963 ], [ -83.068456994381947, 30.083896648798547 ], [ -83.069146967739371, 30.084084087851554 ], [ -83.0700615835853, 30.08427152654933 ], [ -83.070596532068834, 30.08437972171081 ], [ -83.072006652627053, 30.084712492211935 ], [ -83.073211664740427, 30.085045261593407 ], [ -83.074416676853787, 30.085355845339251 ], [ -83.0751858335219, 30.085511136846407 ], [ -83.076980532414197, 30.08562205920223 ], [ -83.078441930083599, 30.08562205920223 ], [ -83.079877689197403, 30.08553332132751 ], [ -83.080800677199178, 30.085422398872169 ], [ -83.081723665200883, 30.085333660818311 ], [ -83.082668131773445, 30.085259097358175 ], [ -83.083276549142298, 30.085169699870153 ], [ -83.084011241814096, 30.085139900689526 ], [ -83.084447465587957, 30.085179632928373 ], [ -83.084918128080844, 30.085318695638634 ], [ -83.085518171430294, 30.085555505803665 ], [ -83.086543713654436, 30.086043563019743 ], [ -83.088953737881212, 30.087352431844423 ], [ -83.09100230176918, 30.088755469057986 ], [ -83.0919895450469, 30.089430890252995 ], [ -83.092356891382806, 30.089718936124044 ], [ -83.092850513021688, 30.090076509141443 ], [ -83.093631123985446, 30.090682393802489 ], [ -83.094542943002821, 30.091434216582556 ], [ -83.095433416945966, 30.092102731815277 ], [ -83.096248466628737, 30.092688739455276 ], [ -83.096902802289577, 30.093155556615208 ], [ -83.097729331545352, 30.093711761417492 ], [ -83.098388726343444, 30.094140524434124 ], [ -83.09905532878912, 30.094539809485312 ], [ -83.099875762568445, 30.094983457650816 ], [ -83.102221512940361, 30.096567014707791 ], [ -83.103104545785939, 30.09731280546114 ], [ -83.103977931465081, 30.097911485610137 ], [ -83.104828562294031, 30.098567904026307 ], [ -83.105312127899964, 30.099040835583658 ], [ -83.105564422998697, 30.099531954421288 ], [ -83.106153111562449, 30.100277722804815 ], [ -83.107015119816481, 30.100914349899682 ], [ -83.107961226436757, 30.10147821618785 ], [ -83.108844259282364, 30.10189656651643 ], [ -83.109958562635143, 30.102314915074167 ], [ -83.11050520201573, 30.102551372171309 ], [ -83.110883644663858, 30.102806017643246 ], [ -83.111472333227596, 30.103351684302257 ], [ -83.112284823480721, 30.103856002844779 ], [ -83.113175325144098, 30.104224744689954 ], [ -83.113995284215008, 30.104497574479343 ], [ -83.114626021961854, 30.104788592091136 ], [ -83.115172661342498, 30.105134174392031 ], [ -83.116214197547677, 30.10576649058174 ], [ -83.116942871786236, 30.106321220582458 ], [ -83.11799216268976, 30.107455885884402 ], [ -83.11854595511106, 30.108161893274222 ], [ -83.119449511166863, 30.108993966936012 ], [ -83.121198329339379, 30.110431168574532 ], [ -83.122528316217441, 30.111282043182889 ], [ -83.123133034742935, 30.111731919651753 ], [ -83.12353214896973, 30.112129483198181 ], [ -83.123908997506774, 30.112725605052027 ], [ -83.12424571682979, 30.1137511074073 ], [ -83.124693208538645, 30.114253282409461 ], [ -83.125043945283423, 30.114514830878704 ], [ -83.125424639922969, 30.11474264805004 ], [ -83.125842173737041, 30.115027463869602 ], [ -83.126132438629298, 30.115341319489819 ], [ -83.126350137298445, 30.115697021320511 ], [ -83.126664590931711, 30.116492114898726 ], [ -83.126809723377832, 30.1168896592878 ], [ -83.127015327676474, 30.117266278812053 ], [ -83.127656329313481, 30.117768435943834 ], [ -83.128321519691511, 30.11832289814442 ], [ -83.129083465033588, 30.119180739189385 ], [ -83.129404667671679, 30.119618338702967 ], [ -83.129567605184704, 30.119840871557056 ], [ -83.129688183559068, 30.120080418133995 ], [ -83.130459473677092, 30.121769468621789 ], [ -83.130913983581863, 30.122674412723352 ], [ -83.1313856448038, 30.123475503860522 ], [ -83.132590559519031, 30.126122582309844 ], [ -83.132989292958371, 30.127495696419725 ], [ -83.133186533105714, 30.128252245722312 ], [ -83.133308439075947, 30.128916639168885 ], [ -83.13332374364299, 30.129327722497504 ], [ -83.133316062600031, 30.129775401248043 ], [ -83.133276844098205, 30.130196004839018 ], [ -83.133224282576649, 30.130787551777235 ], [ -83.133209168801073, 30.131114341976673 ], [ -83.133224282576649, 30.131375773357327 ], [ -83.133270654636974, 30.132109750183371 ], [ -83.133284737679006, 30.132682919875261 ], [ -83.133333184063616, 30.133241935428256 ], [ -83.133396402141841, 30.13351217471773 ], [ -83.133553489912828, 30.133790684467147 ], [ -83.13374984962654, 30.13393333549789 ], [ -83.133914791786069, 30.134062400538536 ], [ -83.134024753225773, 30.134211844058971 ], [ -83.134064025168513, 30.134463180378521 ], [ -83.134064025168513, 30.134721308905398 ], [ -83.134064025168513, 30.134972643927664 ], [ -83.134056170779957, 30.135176428611011 ], [ -83.134040462002858, 30.135427762474354 ], [ -83.134048316391414, 30.135624753433362 ], [ -83.134071879557069, 30.135821743999191 ], [ -83.134123963737792, 30.136050349391571 ], [ -83.134307511213549, 30.136480640621098 ], [ -83.134613832366952, 30.137119154800118 ], [ -83.134778774526467, 30.137553885494427 ], [ -83.134849464023404, 30.137886724887917 ], [ -83.134904444743256, 30.138267111391688 ], [ -83.134935862297439, 30.138518437384441 ], [ -83.135022260571475, 30.138749385029683 ], [ -83.13519505711956, 30.138959954470497 ], [ -83.135407125610371, 30.139170523462013 ], [ -83.135627048489752, 30.139387884530354 ], [ -83.135878388923302, 30.139618830140897 ], [ -83.136881816268797, 30.140571181651516 ], [ -83.137787005340698, 30.141833163559347 ], [ -83.138203287933791, 30.142437681532897 ], [ -83.13885520218335, 30.143042195802842 ], [ -83.139946962191658, 30.143578784018327 ], [ -83.1411408292511, 30.143999901839862 ], [ -83.142595240200407, 30.144343376566241 ], [ -83.154051065336077, 30.149249501723617 ], [ -83.157163781890887, 30.150560957014235 ], [ -83.15804115599127, 30.15143390501429 ], [ -83.158708572105695, 30.15176368463159 ], [ -83.159375988220091, 30.151873610925676 ], [ -83.160138749493726, 30.152011018620989 ], [ -83.162617723633005, 30.152450721959635 ], [ -83.164079682740791, 30.152560647488023 ], [ -83.165382733249899, 30.152917904609165 ], [ -83.166589048149604, 30.153712281791297 ], [ -83.168243088026003, 30.154182034800957 ], [ -83.169705047133775, 30.154511805229763 ], [ -83.171453041719161, 30.154704170804013 ], [ -83.173073909425611, 30.155033939486945 ], [ -83.173932015858441, 30.155226304042763 ], [ -83.174758340571543, 30.15550110990019 ], [ -83.176061391080651, 30.15632552287801 ], [ -83.177237314710823, 30.157507169460917 ], [ -83.178590553852374, 30.158602069172211 ], [ -83.182131699549899, 30.161409250613122 ], [ -83.183116932861651, 30.161574123881298 ], [ -83.184038602733949, 30.161409250613122 ], [ -83.185341653243043, 30.161161940193931 ], [ -83.187661718783644, 30.161106982238753 ], [ -83.190108911203197, 30.161409250613122 ], [ -83.192015009537798, 30.161848428460768 ], [ -83.19398628101078, 30.16237100745747 ], [ -83.197259798143421, 30.163112927755794 ], [ -83.200342624957699, 30.163552581594303 ], [ -83.202789817377237, 30.163799886016864 ], [ -83.207620638776859, 30.1639922334722 ], [ -83.213574401233117, 30.164476261391961 ], [ -83.215727048505272, 30.164800037450934 ], [ -83.219013999261307, 30.165063730444363 ], [ -83.220334862621712, 30.16512140688403 ], [ -83.221789146523591, 30.165202153842866 ], [ -83.223083325775718, 30.165340577047008 ], [ -83.224043953674197, 30.165490535298819 ], [ -83.224817792814676, 30.165582817186539 ], [ -83.225778420713155, 30.165663563767446 ], [ -83.22648554958289, 30.165698169424729 ], [ -83.227472861589646, 30.165755845493202 ], [ -83.228273384838388, 30.165767380702846 ], [ -83.229100592195437, 30.165825056730835 ], [ -83.229920047449838, 30.165861394890818 ], [ -83.230768348963622, 30.165905803113315 ], [ -83.231371841660518, 30.165859554878889 ] ] ] } },
{ "type": "Feature", "properties": { "id": 6, "name": "SantaCatalina_Ajohica" }, "geometry": { "type": "MultiLineString", "coordinates": [ [ [ -82.903211631619655, 30.099840668022811 ], [ -82.903211631619655, 30.099179815958532 ], [ -82.903704440216842, 30.097005368303186 ], [ -82.905478551166681, 30.089501024736482 ], [ -82.905552472456279, 30.087539568324956 ], [ -82.905577112886121, 30.086196374643567 ], [ -82.905478551166681, 30.085300902054023 ], [ -82.905577112886121, 30.08421353158063 ], [ -82.905798876754844, 30.083552575058793 ], [ -82.906069921483294, 30.082848971327088 ], [ -82.906217764062447, 30.082422542387032 ], [ -82.906390247071457, 30.081996111608529 ], [ -82.906612010940179, 30.081505713940473 ], [ -82.906858415238773, 30.08105795742452 ], [ -82.907154100397094, 30.080524911310444 ], [ -82.907449785555414, 30.079842608092893 ], [ -82.907794751573448, 30.078733855326966 ], [ -82.908016515442185, 30.077795670203283 ], [ -82.90781939200329, 30.077241283902627 ], [ -82.907572987704711, 30.076985412254515 ], [ -82.907154100397094, 30.076729539944623 ], [ -82.906809134379088, 30.076452344195456 ], [ -82.906784493949218, 30.076132501981345 ], [ -82.906956976958227, 30.075897950367164 ], [ -82.907425145125544, 30.075770012888697 ], [ -82.907868672863003, 30.075599429326715 ], [ -82.908164358021324, 30.075386199460642 ], [ -82.908484683609501, 30.075151646077188 ], [ -82.908583245328941, 30.074810476526807 ], [ -82.908460043179659, 30.074341366474147 ], [ -82.908435402749802, 30.073509756823668 ], [ -82.908878930487262, 30.072230343713322 ], [ -82.909125334785855, 30.070780322189957 ], [ -82.910786139355295, 30.065214326427615 ], [ -82.913585629225693, 30.049464648937889 ], [ -82.91481447980776, 30.044436398427038 ], [ -82.915373715955567, 30.039318683085753 ], [ -82.915134043320805, 30.02894412479268 ], [ -82.915373715955567, 30.025624036776406 ], [ -82.915853061225107, 30.022165493520074 ], [ -82.917610660546686, 30.011858319205203 ], [ -82.917930224059717, 30.009990461565653 ], [ -82.918209842133564, 30.007603703399155 ], [ -82.91812995125531, 30.000270116175951 ], [ -82.91757071510753, 29.987608025004974 ], [ -82.916691915446734, 29.980653566603717 ], [ -82.915653334029429, 29.96940776524313 ], [ -82.915813115785923, 29.966293318252152 ], [ -82.916332406494575, 29.964078541005033 ], [ -82.917051424398863, 29.960617852744868 ], [ -82.917784864031319, 29.954711880648087 ], [ -82.918689187403118, 29.93798198101948 ], [ -82.919368259868264, 29.936112733823986 ], [ -82.920700999312999, 29.934951913918486 ] ] ] } },
{ "type": "Feature", "properties": { "id": 7, "name": "Ajoica_Tarihica" }, "geometry": { "type": "MultiLineString", "coordinates": [ [ [ -82.918296603771367, 29.945253528759402 ], [ -82.920022259870109, 29.949446992359558 ], [ -82.921238581349385, 29.951897283111986 ], [ -82.922880615346415, 29.954610975519508 ], [ -82.932266362166601, 29.966839549850143 ], [ -82.934228798621547, 29.969517506416427 ], [ -82.935866391624515, 29.972071012205927 ], [ -82.936259413945237, 29.972610077260622 ], [ -82.937426490925532, 29.974193693943899 ], [ -82.938287752877912, 29.975240591158368 ], [ -82.93887118839406, 29.976155113029801 ], [ -82.939204580117547, 29.977129791545295 ], [ -82.939534599951159, 29.979248849139893 ], [ -82.939600103671268, 29.98146167450021 ], [ -82.939862118551758, 29.982624806523148 ], [ -82.940156885292311, 29.984128347243804 ], [ -82.940274211897133, 29.984782490475354 ], [ -82.940517155752957, 29.985319816175323 ], [ -82.941218821780396, 29.986130074503457 ], [ -82.942038409767335, 29.986984337049702 ], [ -82.942635736605254, 29.987694211602424 ], [ -82.943825093618955, 29.98846862953198 ], [ -82.944580521659034, 29.988897377219295 ], [ -82.945462686621923, 29.989262909021186 ], [ -82.946219697632912, 29.989486923049029 ], [ -82.947100279624891, 29.989631679481192 ], [ -82.948567331019234, 29.98983583627879 ], [ -82.949275788431677, 29.989908025069784 ], [ -82.950164833027685, 29.989920056529851 ], [ -82.950984421014624, 29.99000427670946 ], [ -82.952304096586829, 29.990329125304417 ], [ -82.955091733479378, 29.991078381135075 ], [ -82.957220604383224, 29.991844273475763 ], [ -82.959120212266654, 29.992638525958228 ], [ -82.960201023648636, 29.993177479380755 ], [ -82.961609353631161, 29.994085183793899 ], [ -82.962722916873176, 29.995163072003731 ], [ -82.963738224535049, 29.99584383747381 ], [ -82.965452884183165, 29.996917413773787 ], [ -82.96559281330083, 29.997012893555141 ], [ -82.965749703523642, 29.997108373244636 ], [ -82.966067724245576, 29.997258937183769 ] ] ] } },
{ "type": "Feature", "properties": { "id": 8, "name": "Tarihica_CR349" }, "geometry": { "type": "MultiLineString", "coordinates": [ [ [ -82.966067941218, 29.997259791343492 ], [ -82.966460151389541, 29.997375234275573 ], [ -82.966918846365203, 29.997458960284305 ], [ -82.96739951856506, 29.997418675581045 ], [ -82.967855522048325, 29.997335742163191 ], [ -82.968174724486616, 29.997300199248617 ], [ -82.968539527273222, 29.997304148461975 ], [ -82.968940810338495, 29.99734364058693 ], [ -82.969333577188465, 29.997419126528115 ], [ -82.969930337897182, 29.997758306950193 ], [ -82.970483449009038, 29.998136131693435 ], [ -82.971587325956818, 29.999390878268454 ], [ -82.972296995975299, 30.000743853621408 ], [ -82.972898179832271, 30.002218979038744 ], [ -82.973588102924637, 30.00389190211661 ], [ -82.974094046525693, 30.005285983135899 ], [ -82.974875959363686, 30.006680044567673 ], [ -82.975841851692991, 30.008233404232001 ], [ -82.976991723513578, 30.009667253103849 ], [ -82.978279579952613, 30.011220565994531 ], [ -82.979659426137303, 30.01289333729024 ], [ -82.981085267194842, 30.014247464820091 ], [ -82.981867180032864, 30.014725387769609 ], [ -82.982741082616499, 30.015203308416158 ], [ -82.985132816003329, 30.016517578319288 ], [ -82.986834626297792, 30.017075142107291 ], [ -82.987570544262965, 30.018110609396896 ], [ -82.988398451973808, 30.018747814662706 ], [ -82.988996385320505, 30.019345190880763 ], [ -82.989318349430263, 30.019703614884211 ], [ -82.989732303285663, 30.019982388213418 ], [ -82.990284241759554, 30.020261160758913 ], [ -82.991020159724727, 30.020500108031257 ], [ -82.992308016163776, 30.020778879121224 ], [ -82.993319903365901, 30.020898352205563 ], [ -82.994331790568026, 30.021097473692929 ], [ -82.995067708533199, 30.021455891362496 ], [ -82.996171585480951, 30.022411665480604 ], [ -82.996861508573303, 30.023128490022962 ], [ -82.997413447047194, 30.023765663043179 ], [ -82.997827400902594, 30.024163894101363 ], [ -82.998793293231884, 30.024641769259727 ], [ -83.000127144543754, 30.025398400216293 ], [ -83.000725077890465, 30.025876269424081 ], [ -83.001506990728473, 30.026632890958801 ], [ -83.002610867676239, 30.027747901642012 ], [ -83.003070816404446, 30.028106295269559 ], [ -83.003346785641426, 30.028902720913791 ], [ -83.004174693352226, 30.029898243970546 ], [ -83.00509459080871, 30.030893757028714 ], [ -83.006060483138, 30.031968899900896 ], [ -83.007026375467291, 30.032884753148515 ], [ -83.007716298559629, 30.033521863459622 ], [ -83.008636196016113, 30.034158969675005 ], [ -83.009464103726927, 30.034835890541128 ], [ -83.010659970420335, 30.035353532789465 ], [ -83.011809842240908, 30.035751717294399 ], [ -83.01300570893433, 30.036309172913388 ], [ -83.01383361664513, 30.036826807465893 ], [ -83.014799508974448, 30.037304621575913 ], [ -83.015673411558083, 30.038061155871404 ], [ -83.016501319268926, 30.038777867244274 ], [ -83.017421216725367, 30.039614023960386 ], [ -83.018111139817748, 30.040330724100766 ], [ -83.018571088545983, 30.041166867712096 ], [ -83.018847057782907, 30.04172429286599 ], [ -83.019261011638321, 30.04228171488359 ], [ -83.020502873204563, 30.043316918881064 ] ] ] } },
{ "type": "Feature", "properties": { "id": 9, "name": "Bellamy_SantaCatalinaDetour" }, "geometry": { "type": "MultiLineString", "coordinates": [ [ [ -82.854712356379295, 30.005308185756448 ], [ -82.855016735127577, 30.005531926792756 ], [ -82.855324425168973, 30.005745972615827 ], [ -82.855946217524263, 30.0064104489879 ], [ -82.875022559252983, 30.032792373855365 ], [ -82.876452135624277, 30.034532048378082 ], [ -82.877695720334856, 30.036708132895203 ], [ -82.878330742314745, 30.039365181822753 ], [ -82.878410120062213, 30.040808204401173 ], [ -82.878674712553831, 30.042136682796976 ], [ -82.879997675011921, 30.044885202232564 ], [ -82.880421022998476, 30.045274569652506 ], [ -82.880738533988421, 30.045572320176255 ], [ -82.881347096719139, 30.046557180917112 ], [ -82.882140874193979, 30.048206228139463 ], [ -82.882855273921322, 30.049351383668675 ], [ -82.883836605477981, 30.050359479454631 ], [ -82.884628043615123, 30.051939386388892 ], [ -82.885102450824618, 30.053675077195322 ], [ -82.884649421989977, 30.05720411327183 ], [ -82.885102450824618, 30.060438952513937 ], [ -82.886121765702669, 30.06484992659448 ], [ -82.886559568803889, 30.066824814199254 ], [ -82.887367594998054, 30.06886864295976 ], [ -82.888702767985947, 30.070854944960153 ], [ -82.889470086211631, 30.071747963085791 ], [ -82.890475537679762, 30.072366201682524 ], [ -82.891163478157949, 30.072824153708257 ], [ -82.891444854510183, 30.073573274276526 ], [ -82.891904337134449, 30.076098448937529 ], [ -82.892195388875209, 30.078594167629383 ], [ -82.893256969848906, 30.081805840829418 ], [ -82.89642817169171, 30.087489832165904 ], [ -82.90321446728187, 30.099840990421757 ] ] ] } },
{ "type": "Feature", "properties": { "id": 10, "name": "Bellamy_CharlesSpring_CR53" }, "geometry": { "type": "MultiLineString", "coordinates": [ [ [ -83.231371841705823, 30.165859554878889 ], [ -83.2316341586275, 30.165839692302516 ], [ -83.231757802861722, 30.165833900279697 ], [ -83.231932968994656, 30.165841600831438 ], [ -83.232164544560234, 30.165854435083002 ], [ -83.232476870189743, 30.165848993412382 ], [ -83.23331054671813, 30.165872403032385 ], [ -83.234100278775102, 30.1658775367316 ], [ -83.235109710727656, 30.165928873709106 ], [ -83.23641603443096, 30.166052082346056 ], [ -83.237892914710699, 30.166350856690311 ], [ -83.239244399083972, 30.166961637016765 ], [ -83.240227296809948, 30.167147525930176 ], [ -83.241763074506849, 30.167267025760832 ], [ -83.244220318821831, 30.167253748009028 ], [ -83.246600774252002, 30.167320136750181 ], [ -83.249334458552426, 30.167705190567141 ], [ -83.2513616851123, 30.168382350527686 ], [ -83.253573204995803, 30.169431275400051 ], [ -83.255828958387553, 30.170712723090727 ], [ -83.260507508365649, 30.172956914637435 ], [ -83.264974786508347, 30.17664268920235 ], [ -83.272357563425103, 30.187430025631951 ], [ -83.277013120510688, 30.192597050882025 ], [ -83.280208650817954, 30.197311427244127 ], [ -83.283238895074859, 30.202168427400434 ], [ -83.284616278827983, 30.205120604511428 ], [ -83.285271160203536, 30.208403754770899 ], [ -83.285948070959904, 30.211767372312913 ], [ -83.286230117108403, 30.2135222575615 ], [ -83.286249605525825, 30.214892458191116 ], [ -83.285496797122335, 30.218786725506448 ], [ -83.284882864865267, 30.221131625384455 ], [ -83.284067509228123, 30.224325488273511 ], [ -83.283360867675938, 30.227495764300013 ], [ -83.283089082463562, 30.229256984597136 ], [ -83.282817358711625, 30.236040506280215 ] ] ] } },
{ "type": "Feature", "properties": { "id": 11, "name": "BellamyThroughNewnansville" }, "geometry": { "type": "MultiLineString", "coordinates": [ [ [ -82.4847567734123, 29.806505680194746 ], [ -82.48401382338993, 29.806501596180603 ], [ -82.482473448859821, 29.806488281581714 ], [ -82.480849114980956, 29.806482908530256 ], [ -82.480839543084031, 29.805838182455517 ], [ -82.480828774700043, 29.805217331196435 ], [ -82.480838331519251, 29.804084810322117 ], [ -82.480874071788989, 29.803348251116958 ], [ -82.480891941923844, 29.80216974510768 ], [ -82.480908939336516, 29.799713596614591 ] ] ] } }
]
}
